timestamp,instrument,bid,ask,bid_qty,ask_qty,last,last_qty
1000000000,AAPL,149.97,150.00,164,121,149.98,198
1000000604,GOOG,279.89,279.92,266,66,279.89,17
1000001199,AAPL,150.00,150.02,151,416,150.02,176
1000002417,GOOG,279.82,279.86,464,495,279.84,11
1000003694,AAPL,150.05,150.08,129,160,150.05,96
1000004298,GOOG,279.85,279.90,359,185,279.88,21
1000005545,AAPL,149.99,150.04,90,332,150.01,85
1000006894,GOOG,279.72,279.75,148,410,279.72,27
1000007440,AAPL,149.90,149.95,487,169,149.91,35
1000008329,GOOG,279.69,279.72,239,231,279.72,63
1000009515,AAPL,149.88,149.92,361,375,149.92,53
1000010561,GOOG,279.68,279.72,377,402,279.69,152
1000011285,AAPL,149.80,149.84,167,470,149.80,18
1000012609,GOOG,279.65,279.68,340,498,279.68,193
1000013431,AAPL,149.82,149.87,379,284,149.86,46
1000014202,GOOG,279.76,279.79,432,349,279.79,119
1000015621,AAPL,149.74,149.79,120,310,149.76,136
1000016214,GOOG,279.77,279.79,131,455,279.76,184
1000017146,AAPL,149.66,149.70,289,320,149.68,74
1000018640,GOOG,279.54,279.58,108,399,279.55,147
1000019908,AAPL,149.66,149.68,272,130,149.68,126
1000020411,GOOG,279.74,279.76,306,440,279.75,55
1000021430,AAPL,149.83,149.86,377,309,149.83,165
1000022133,GOOG,279.83,279.87,448,321,279.86,10
1000023246,AAPL,149.81,149.86,499,475,149.83,88
1000023991,GOOG,280.02,280.06,93,424,280.05,134
1000025326,AAPL,149.96,150.01,115,387,149.99,131
1000026795,GOOG,279.94,279.99,266,158,279.96,148
1000028068,AAPL,149.96,149.99,393,382,149.97,105
1000029016,GOOG,280.04,280.07,82,223,280.05,15
1000030118,AAPL,149.84,149.86,412,373,149.85,25
1000030852,GOOG,280.06,280.09,313,171,280.08,81
1000032037,AAPL,149.71,149.75,342,345,149.73,131
1000032785,GOOG,280.10,280.13,99,387,280.10,120
1000033647,AAPL,149.61,149.65,394,384,149.63,175
1000034247,GOOG,280.24,280.29,105,177,280.27,59
1000034941,AAPL,149.56,149.59,286,177,149.57,29
1000035894,GOOG,280.32,280.35,383,326,280.32,13
1000037386,AAPL,149.70,149.73,258,298,149.72,133
1000038104,GOOG,280.47,280.49,51,249,280.46,77
1000039552,AAPL,149.72,149.75,424,451,149.73,152
1000040729,GOOG,280.45,280.48,79,346,280.46,198
1000041784,AAPL,149.81,149.83,294,307,149.82,145
1000042445,GOOG,280.56,280.60,85,354,280.58,27
1000043636,AAPL,149.86,149.91,341,176,149.88,158
1000044744,GOOG,280.60,280.64,339,317,280.62,90
1000046201,AAPL,149.86,149.89,185,252,149.89,43
1000047388,GOOG,280.53,280.57,87,54,280.54,127
1000048524,AAPL,150.19,150.22,159,309,150.21,77
1000049159,GOOG,280.72,280.76,239,195,280.73,50
1000050107,AAPL,150.27,150.30,463,384,150.27,145
1000050615,GOOG,280.65,280.70,103,499,280.67,44
1000051385,AAPL,150.30,150.34,189,194,150.32,164
1000052100,GOOG,280.64,280.68,185,308,280.66,135
1000052857,AAPL,150.47,150.49,266,474,150.47,80
1000053402,GOOG,280.82,280.85,184,132,280.84,199
1000054354,AAPL,150.37,150.39,88,403,150.38,48
1000055412,GOOG,280.91,280.95,270,115,280.93,20
1000056227,AAPL,150.20,150.25,70,233,150.24,63
1000057425,GOOG,280.91,280.95,497,258,280.93,168
1000058692,AAPL,150.33,150.38,459,465,150.38,55
1000060094,GOOG,280.85,280.90,450,260,280.88,181
1000061478,AAPL,150.34,150.36,409,105,150.34,107
1000062871,GOOG,280.97,281.00,285,229,280.99,88
1000064211,AAPL,150.36,150.38,148,254,150.36,94
1000064996,GOOG,281.14,281.17,378,310,281.14,112
1000066191,AAPL,150.47,150.52,109,499,150.49,76
1000066873,GOOG,280.89,280.92,355,272,280.89,98
1000068119,AAPL,150.49,150.54,109,247,150.51,157
1000068813,GOOG,280.89,280.91,462,325,280.92,185
1000070049,AAPL,150.66,150.68,270,85,150.66,180
1000071491,GOOG,280.84,280.88,418,203,280.87,139
1000072307,AAPL,150.60,150.65,333,115,150.62,59
1000073237,GOOG,280.79,280.83,139,365,280.80,155
1000074045,AAPL,150.45,150.48,157,270,150.48,158
1000075166,GOOG,280.73,280.76,159,311,280.74,131
1000076478,AAPL,150.60,150.63,93,195,150.60,141
1000077657,GOOG,280.66,280.71,434,170,280.68,182
1000078474,AAPL,150.61,150.63,175,293,150.63,166
1000079844,GOOG,280.67,280.72,344,149,280.69,193
1000081057,AAPL,150.54,150.56,402,52,150.55,37
1000082354,GOOG,280.62,280.67,315,287,280.65,22
1000083424,AAPL,150.53,150.57,460,287,150.57,180
1000084467,GOOG,280.75,280.80,276,363,280.78,194
1000085880,AAPL,150.34,150.38,131,430,150.36,131
1000086840,GOOG,280.75,280.79,442,448,280.78,143
1000087836,AAPL,150.29,150.32,196,170,150.30,79
1000088679,GOOG,280.71,280.73,168,246,280.73,187
1000089335,AAPL,150.28,150.31,327,288,150.29,116
1000089898,GOOG,280.72,280.77,349,406,280.76,15
1000091275,AAPL,150.37,150.41,230,202,150.38,109
1000092648,GOOG,280.88,280.91,426,329,280.88,164
1000094067,AAPL,150.39,150.42,64,249,150.41,96
1000095251,GOOG,280.84,280.86,289,115,280.84,169
1000096297,AAPL,150.48,150.52,63,92,150.50,174
1000097235,GOOG,280.91,280.94,244,217,280.93,64
1000098200,AAPL,150.41,150.44,435,475,150.44,117
1000098958,GOOG,280.96,281.00,76,229,280.97,67
1000100123,AAPL,150.64,150.66,65,176,150.66,61
1000101482,GOOG,281.03,281.05,392,108,281.04,154
1000102952,AAPL,150.66,150.70,135,360,150.70,165
1000104438,GOOG,281.02,281.06,209,105,281.03,158
1000104964,AAPL,150.78,150.82,242,253,150.80,193
1000105667,GOOG,281.16,281.19,102,406,281.18,87
1000107037,AAPL,150.71,150.75,339,450,150.71,20
1000107892,GOOG,281.02,281.04,381,224,281.03,13
1000109261,AAPL,150.61,150.64,235,375,150.63,127
1000110485,GOOG,281.05,281.08,383,188,281.07,167
1000111812,AAPL,150.76,150.79,472,424,150.77,161
1000112586,GOOG,281.01,281.06,192,280,281.04,72
1000113854,AAPL,150.63,150.66,64,303,150.65,93
1000114540,GOOG,280.93,280.95,193,500,280.94,162
1000115758,AAPL,150.72,150.75,147,93,150.73,71
1000116995,GOOG,280.82,280.85,293,380,280.84,192
1000117997,AAPL,150.70,150.73,257,404,150.72,72
1000118810,GOOG,280.77,280.80,226,267,280.78,200
1000119873,AAPL,150.63,150.66,178,168,150.66,40
1000121111,GOOG,280.78,280.82,440,403,280.81,57
1000121807,AAPL,150.65,150.69,439,318,150.68,162
1000122596,GOOG,280.98,281.00,234,141,280.99,87
1000123110,AAPL,150.64,150.66,77,333,150.65,84
1000124324,GOOG,281.10,281.15,102,496,281.12,13
1000125411,AAPL,150.61,150.64,76,179,150.64,132
1000126027,GOOG,281.16,281.18,372,401,281.16,23
1000126682,AAPL,150.69,150.72,177,110,150.72,152
1000127964,GOOG,281.03,281.07,447,317,281.06,107
1000128925,AAPL,150.76,150.79,269,206,150.77,155
1000130060,GOOG,281.28,281.30,440,156,281.30,170
1000130776,AAPL,150.76,150.79,332,88,150.78,50
1000131278,GOOG,281.14,281.18,66,168,281.17,83
1000132501,AAPL,150.72,150.74,169,185,150.75,170
1000133604,GOOG,281.02,281.05,328,165,281.02,175
1000134256,AAPL,150.88,150.90,134,455,150.88,88
1000135365,GOOG,281.02,281.05,113,289,281.02,186
1000136176,AAPL,150.80,150.83,302,274,150.79,30
1000137288,GOOG,281.12,281.15,178,63,281.14,33
1000138022,AAPL,150.98,151.02,60,441,150.99,182
1000139363,GOOG,281.11,281.16,290,315,281.14,176
1000140315,AAPL,151.04,151.07,375,466,151.05,135
1000141807,GOOG,281.20,281.23,393,103,281.22,51
1000142644,AAPL,150.93,150.97,255,466,150.96,150
1000143181,GOOG,281.11,281.14,445,256,281.13,141
1000144525,AAPL,151.08,151.12,261,77,151.10,58
1000145555,GOOG,281.00,281.04,439,76,281.03,62
1000146328,AAPL,150.87,150.90,407,298,150.88,41
1000146857,GOOG,281.14,281.17,131,209,281.15,151
1000147371,AAPL,150.82,150.87,108,286,150.84,40
1000148534,GOOG,281.19,281.23,310,411,281.20,79
1000149459,AAPL,150.97,151.00,332,124,150.96,108
1000150154,GOOG,281.30,281.34,492,85,281.31,80
1000151445,AAPL,150.98,151.03,309,186,151.00,10
1000152234,GOOG,281.27,281.31,387,300,281.27,48
1000153191,AAPL,150.90,150.94,328,243,150.92,126
1000154646,GOOG,281.24,281.28,342,246,281.27,69
1000156022,AAPL,150.90,150.94,411,465,150.92,107
1000156917,GOOG,281.42,281.46,127,303,281.44,19
1000157546,AAPL,150.77,150.81,497,482,150.79,122
1000158148,GOOG,281.31,281.35,259,495,281.33,177
1000159641,AAPL,150.83,150.88,223,369,150.86,187
1000160548,GOOG,281.19,281.24,489,323,281.20,107
1000162025,AAPL,150.77,150.81,496,327,150.80,19
1000163157,GOOG,281.32,281.37,166,432,281.35,33
1000164101,AAPL,150.94,150.98,101,277,150.95,52
1000165311,GOOG,281.32,281.35,78,200,281.34,101
1000166194,AAPL,150.87,150.90,399,455,150.89,56
1000166868,GOOG,281.38,281.41,399,173,281.41,137
1000168302,AAPL,150.81,150.85,285,180,150.82,180
1000168811,GOOG,281.47,281.50,329,130,281.48,28
1000169763,AAPL,151.09,151.12,267,403,151.09,74
1000170730,GOOG,281.51,281.54,297,104,281.52,70
1000171620,AAPL,150.96,151.01,201,61,150.98,178
1000172525,GOOG,281.49,281.53,431,75,281.52,165
1000173788,AAPL,150.76,150.78,459,167,150.77,165
1000175109,GOOG,281.40,281.44,397,436,281.43,194
1000176394,AAPL,150.65,150.69,371,380,150.65,20
1000177210,GOOG,281.41,281.44,117,96,281.42,85
1000178044,AAPL,150.65,150.68,326,498,150.66,103
1000179087,GOOG,281.33,281.36,472,296,281.35,85
1000180351,AAPL,150.77,150.81,88,122,150.78,67
1000181731,GOOG,281.26,281.30,483,461,281.27,152
1000182605,AAPL,150.86,150.89,113,282,150.88,104
1000183793,GOOG,281.26,281.30,376,240,281.27,37
1000184984,AAPL,150.85,150.90,337,217,150.88,166
1000185710,GOOG,281.18,281.21,408,204,281.18,176
1000186628,AAPL,150.89,150.91,302,109,150.90,34
1000187368,GOOG,281.22,281.25,393,430,281.23,188
1000188836,AAPL,150.75,150.79,262,385,150.77,35
1000190189,GOOG,281.11,281.16,66,403,281.13,104
1000190911,AAPL,150.52,150.56,100,401,150.55,104
1000191968,GOOG,281.24,281.26,191,147,281.24,41
1000193439,AAPL,150.58,150.62,378,377,150.60,162
1000194933,GOOG,281.41,281.44,114,452,281.43,154
1000195643,AAPL,150.75,150.77,160,466,150.77,69
1000196479,GOOG,281.43,281.47,191,489,281.43,47
1000197112,AAPL,150.57,150.60,493,63,150.58,43
1000197627,GOOG,281.32,281.36,58,139,281.35,77
1000198180,AAPL,150.65,150.67,82,293,150.67,124
1000199476,GOOG,281.24,281.27,163,364,281.26,21
1000200720,AAPL,150.68,150.72,284,379,150.68,17
1000201282,GOOG,281.43,281.46,105,301,281.45,192
1000202713,AAPL,150.48,150.51,125,83,150.51,42
1000203494,GOOG,281.33,281.37,245,355,281.34,145
1000204295,AAPL,150.36,150.38,409,108,150.37,177
1000205461,GOOG,281.42,281.47,270,281,281.44,68
1000206384,AAPL,150.29,150.33,98,210,150.32,119
1000207204,GOOG,281.38,281.41,292,84,281.39,33
1000208555,AAPL,150.38,150.42,240,465,150.41,43
1000209624,GOOG,281.61,281.65,393,112,281.64,115
1000210486,AAPL,150.55,150.59,419,76,150.55,83
1000211600,GOOG,281.59,281.63,129,386,281.61,133
1000212329,AAPL,150.60,150.64,108,440,150.61,81
1000213416,GOOG,281.61,281.64,442,469,281.64,169
1000214544,AAPL,150.55,150.58,386,474,150.55,187
1000215317,GOOG,281.68,281.73,223,229,281.71,11
1000216002,AAPL,150.64,150.67,122,429,150.64,172
1000217497,GOOG,281.85,281.88,264,282,281.87,97
1000218158,AAPL,150.52,150.56,340,355,150.55,31
1000219562,GOOG,281.90,281.94,395,91,281.92,79
1000220515,AAPL,150.47,150.50,189,160,150.47,141
1000221131,GOOG,281.87,281.92,353,299,281.90,144
1000222314,AAPL,150.43,150.48,78,53,150.46,62
1000223122,GOOG,282.03,282.08,198,217,282.05,40
1000223629,AAPL,150.34,150.36,322,410,150.35,68
1000224641,GOOG,281.90,281.93,253,491,281.91,199
1000225184,AAPL,150.24,150.26,210,344,150.25,119
1000226271,GOOG,281.79,281.81,257,60,281.81,93
1000226946,AAPL,150.27,150.32,235,95,150.28,121
1000228310,GOOG,281.87,281.90,90,252,281.89,89
1000229573,AAPL,150.23,150.26,311,374,150.25,39
1000230616,GOOG,281.65,281.68,422,469,281.67,175
1000231950,AAPL,150.26,150.29,138,358,150.28,49
1000233228,GOOG,281.64,281.69,371,302,281.66,128
1000234500,AAPL,150.13,150.17,339,379,150.15,172
1000235639,GOOG,281.54,281.57,275,84,281.57,130
1000236591,AAPL,150.01,150.05,230,309,150.02,28
1000237408,GOOG,281.51,281.54,196,89,281.52,175
1000238792,AAPL,150.05,150.09,246,286,150.07,158
1000239859,GOOG,281.67,281.69,464,342,281.68,176
1000240551,AAPL,150.01,150.04,81,280,150.03,36
1000241881,GOOG,281.73,281.78,308,380,281.75,54
1000242421,AAPL,150.01,150.04,317,362,150.04,50
1000243293,GOOG,281.68,281.71,223,397,281.70,163
1000243846,AAPL,150.05,150.07,98,335,150.05,183
1000244741,GOOG,281.64,281.68,358,497,281.68,48
1000245582,AAPL,150.17,150.21,208,385,150.20,188
1000246760,GOOG,281.54,281.58,208,336,281.57,106
1000247918,AAPL,150.22,150.26,474,428,150.22,185
1000249352,GOOG,281.40,281.43,235,59,281.41,102
1000250168,AAPL,150.24,150.29,298,148,150.27,67
1000250808,GOOG,281.44,281.49,309,444,281.47,148
1000252163,AAPL,150.24,150.28,498,442,150.25,168
1000252797,GOOG,281.40,281.43,404,444,281.41,169
1000254125,AAPL,150.38,150.40,236,396,150.38,194
1000254868,GOOG,281.53,281.57,451,279,281.55,69
1000255914,AAPL,150.38,150.43,477,149,150.43,104
1000257108,GOOG,281.81,281.84,194,448,281.81,107
1000258122,AAPL,150.13,150.17,460,359,150.15,45
1000259515,GOOG,281.80,281.85,333,102,281.84,192
1000260881,AAPL,150.09,150.11,132,189,150.10,125
1000262308,GOOG,281.63,281.65,163,468,281.63,125
1000263713,AAPL,150.07,150.10,307,241,150.09,70
1000264608,GOOG,281.72,281.74,100,479,281.73,192
1000265773,AAPL,150.05,150.07,474,291,150.06,188
1000267124,GOOG,281.82,281.85,52,90,281.85,14
1000267886,AAPL,150.04,150.09,361,320,150.07,118
1000268499,GOOG,281.83,281.86,172,264,281.84,173
1000269811,AAPL,150.02,150.07,305,355,150.04,147
1000270327,GOOG,281.74,281.78,199,269,281.75,10
1000271456,AAPL,149.95,149.98,392,93,149.97,144
1000272954,GOOG,281.58,281.62,452,309,281.62,151
1000273474,AAPL,149.86,149.90,241,179,149.88,14
1000274339,GOOG,281.60,281.64,371,103,281.61,158
1000275591,AAPL,149.86,149.90,223,466,149.87,174
1000276270,GOOG,281.67,281.72,295,373,281.68,56
1000277600,AAPL,149.96,150.01,68,200,150.00,61
1000278144,GOOG,281.73,281.76,208,313,281.73,111
1000279478,AAPL,149.89,149.93,147,196,149.91,101
1000280860,GOOG,281.77,281.80,113,459,281.77,104
1000281807,AAPL,150.01,150.06,247,223,150.03,57
1000282815,GOOG,281.73,281.77,186,460,281.74,31
1000284059,AAPL,149.92,149.97,142,329,149.95,85
1000284887,GOOG,281.81,281.84,278,358,281.83,193
1000285823,AAPL,149.98,150.01,422,495,150.01,100
1000286952,GOOG,281.88,281.93,79,88,281.90,181
1000288104,AAPL,149.88,149.92,131,65,149.90,46
1000289473,GOOG,281.76,281.78,84,170,281.76,175
1000290348,AAPL,149.73,149.75,128,397,149.76,125
1000291819,GOOG,281.68,281.70,120,321,281.70,103
1000292726,AAPL,149.68,149.73,63,426,149.72,57
1000293737,GOOG,281.46,281.48,446,183,281.47,190
1000294693,AAPL,149.72,149.76,301,152,149.75,41
1000295331,GOOG,281.52,281.56,277,94,281.53,184
1000296821,AAPL,149.77,149.80,83,331,149.78,148
1000297618,GOOG,281.67,281.71,408,376,281.68,54
1000298930,AAPL,149.72,149.77,455,121,149.75,70
1000300239,GOOG,281.58,281.61,289,461,281.60,151
1000300871,AAPL,149.69,149.72,417,418,149.71,132
1000301909,GOOG,281.49,281.53,114,212,281.51,174
1000302484,AAPL,149.55,149.58,499,474,149.57,151
1000303639,GOOG,281.35,281.38,307,494,281.35,24
1000304990,AAPL,149.59,149.62,215,413,149.61,67
1000305844,GOOG,281.46,281.49,90,178,281.47,60
1000306994,AAPL,149.66,149.70,364,323,149.68,33
1000308008,GOOG,281.37,281.41,137,387,281.38,169
1000309245,AAPL,149.73,149.78,71,472,149.75,17
1000309828,GOOG,281.51,281.55,383,157,281.53,156
1000310754,AAPL,149.72,149.76,329,198,149.74,174
1000312233,GOOG,281.48,281.53,257,202,281.51,126
1000312807,AAPL,149.70,149.73,287,154,149.71,97
1000313928,GOOG,281.62,281.64,490,226,281.65,112
1000314561,AAPL,149.71,149.74,173,288,149.71,41
1000315334,GOOG,281.57,281.59,246,492,281.58,167
1000316262,AAPL,149.72,149.74,217,345,149.75,194
1000317082,GOOG,281.57,281.62,289,305,281.60,88
1000318091,AAPL,149.95,149.98,173,160,149.97,159
1000318952,GOOG,281.66,281.70,481,384,281.68,182
1000319933,AAPL,149.95,149.98,118,185,149.96,196
1000320807,GOOG,281.67,281.70,341,337,281.68,59
1000321678,AAPL,149.91,149.94,441,331,149.93,81
1000323023,GOOG,281.82,281.85,99,251,281.83,105
1000324336,AAPL,150.04,150.07,123,151,150.05,164
1000325357,GOOG,281.80,281.82,415,220,281.81,131
1000326388,AAPL,149.90,149.94,217,363,149.93,91
1000327054,GOOG,281.68,281.73,353,222,281.71,139
1000328402,AAPL,149.79,149.82,293,467,149.81,14
1000329279,GOOG,281.66,281.70,207,457,281.68,195
1000330672,AAPL,149.78,149.81,385,450,149.80,158
1000331763,GOOG,281.67,281.70,318,372,281.69,194
1000332897,AAPL,149.79,149.84,174,66,149.80,156
1000334367,GOOG,281.65,281.68,264,127,281.66,115
1000335574,AAPL,149.83,149.87,291,496,149.86,198
1000336818,GOOG,281.70,281.73,216,389,281.72,132
1000337856,AAPL,149.65,149.68,322,225,149.68,149
1000338718,GOOG,281.61,281.65,461,404,281.61,77
1000339842,AAPL,149.40,149.43,202,165,149.42,86
1000341131,GOOG,281.59,281.63,212,295,281.62,99
1000342204,AAPL,149.57,149.59,112,343,149.57,183
1000343260,GOOG,281.38,281.43,445,461,281.42,47
1000344057,AAPL,149.81,149.83,276,385,149.83,75
1000345322,GOOG,281.32,281.36,337,406,281.34,79
1000345962,AAPL,149.93,149.96,75,392,149.96,145
1000346693,GOOG,281.30,281.33,417,291,281.31,35
1000347890,AAPL,149.93,149.97,130,258,149.95,177
1000349347,GOOG,281.38,281.42,437,197,281.39,92
1000350139,AAPL,149.81,149.83,343,168,149.80,146
1000351395,GOOG,281.34,281.38,139,263,281.34,55
1000352851,AAPL,150.10,150.13,303,145,150.10,84
1000354248,GOOG,281.42,281.46,221,195,281.44,126
1000355404,AAPL,149.98,150.03,485,308,150.00,129
1000356183,GOOG,281.45,281.47,284,381,281.46,75
1000357418,AAPL,150.05,150.09,340,395,150.08,59
1000358097,GOOG,281.33,281.37,268,313,281.34,93
1000358685,AAPL,150.01,150.06,294,215,150.03,73
1000359191,GOOG,281.32,281.37,218,204,281.35,159
1000360431,AAPL,149.95,149.98,170,81,149.96,180
1000361052,GOOG,281.27,281.31,410,444,281.29,89
1000362258,AAPL,150.11,150.14,364,163,150.14,66
1000363738,GOOG,281.31,281.35,360,241,281.33,116
1000364956,AAPL,150.00,150.04,390,472,150.02,65
1000366236,GOOG,281.31,281.35,91,319,281.35,124
1000367276,AAPL,149.99,150.03,81,474,150.00,150
1000368700,GOOG,281.19,281.21,217,487,281.20,143
1000369652,AAPL,150.04,150.08,96,311,150.06,124
1000370980,GOOG,281.23,281.27,338,79,281.25,153
1000371953,AAPL,150.01,150.03,180,468,150.01,10
1000373216,GOOG,281.24,281.27,408,82,281.26,148
1000373777,AAPL,150.03,150.08,66,196,150.05,114
1000374461,GOOG,281.25,281.30,380,265,281.26,105
1000375873,AAPL,149.88,149.93,242,91,149.92,184
1000377360,GOOG,281.19,281.23,228,110,281.20,55
1000378410,AAPL,149.84,149.89,477,51,149.87,15
1000379215,GOOG,281.04,281.07,244,471,281.06,68
1000379968,AAPL,149.79,149.82,498,421,149.81,38
1000380500,GOOG,281.07,281.12,58,173,281.08,62
1000381068,AAPL,149.81,149.85,410,496,149.83,22
1000381818,GOOG,281.07,281.10,161,436,281.08,24
1000382461,AAPL,149.72,149.77,424,344,149.74,91
1000383552,GOOG,280.95,280.98,204,498,280.96,46
1000384728,AAPL,149.63,149.66,335,352,149.64,198
1000386161,GOOG,281.02,281.05,74,226,281.05,174
1000387348,AAPL,149.53,149.57,259,126,149.56,86
1000388233,GOOG,281.07,281.10,165,203,281.10,191
1000388880,AAPL,149.61,149.65,263,335,149.61,145
1000389517,GOOG,281.01,281.04,90,280,281.03,104
1000390111,AAPL,149.43,149.46,243,394,149.44,164
1000391228,GOOG,281.04,281.09,350,420,281.06,181
1000392300,AAPL,149.44,149.48,205,57,149.47,64
1000393759,GOOG,281.10,281.15,436,295,281.14,72
1000394971,AAPL,149.38,149.43,332,214,149.40,82
1000395860,GOOG,280.97,281.00,234,312,280.99,137
1000396837,AAPL,149.62,149.65,479,213,149.65,62
1000397716,GOOG,280.95,280.99,429,124,280.97,14
1000398483,AAPL,149.49,149.53,201,128,149.51,60
1000399320,GOOG,280.97,281.00,331,385,281.00,185
1000400165,AAPL,149.48,149.53,378,428,149.52,135
1000401136,GOOG,281.06,281.09,418,329,281.09,135
1000401824,AAPL,149.59,149.63,80,318,149.60,18
1000403183,GOOG,281.19,281.23,441,53,281.19,115
1000403823,AAPL,149.63,149.67,54,161,149.64,139
1000404789,GOOG,281.10,281.14,365,297,281.13,178
1000405788,AAPL,149.76,149.79,58,321,149.77,194
1000406569,GOOG,281.02,281.05,407,395,281.03,120
1000407894,AAPL,149.81,149.85,318,126,149.83,71
1000408590,GOOG,280.96,280.99,457,253,280.97,30
1000409472,AAPL,149.92,149.95,406,165,149.94,86
1000410672,GOOG,280.97,281.02,382,438,281.00,18
1000411267,AAPL,149.84,149.87,376,54,149.86,189
1000411942,GOOG,281.15,281.19,219,339,281.18,34
1000413358,AAPL,149.82,149.84,494,404,149.83,155
1000414344,GOOG,281.12,281.16,193,328,281.16,154
1000415517,AAPL,150.04,150.07,156,350,150.06,46
1000416787,GOOG,281.19,281.24,203,133,281.20,154
1000417533,AAPL,149.86,149.90,326,219,149.87,108
1000418806,GOOG,281.18,281.23,90,306,281.19,200
1000420303,AAPL,149.84,149.86,88,224,149.85,164
1000421590,GOOG,281.08,281.13,217,65,281.09,172
1000422369,AAPL,149.86,149.89,333,242,149.86,120
1000423059,GOOG,281.03,281.05,366,201,281.03,73
1000424289,AAPL,149.93,149.96,451,374,149.95,49
1000425546,GOOG,280.96,280.98,207,277,280.97,102
1000426825,AAPL,149.92,149.95,279,335,149.94,152
1000427849,GOOG,280.93,280.96,97,355,280.95,163
1000429152,AAPL,149.88,149.91,248,448,149.90,31
1000430394,GOOG,281.10,281.15,342,316,281.11,53
1000431595,AAPL,149.84,149.87,302,124,149.86,26
1000432266,GOOG,281.01,281.05,89,234,281.03,74
1000433732,AAPL,149.84,149.87,150,284,149.87,37
1000434370,GOOG,280.93,280.96,367,244,280.97,94
1000435320,AAPL,149.74,149.79,354,119,149.78,86
1000436148,GOOG,280.81,280.84,140,253,280.81,91
1000436946,AAPL,149.72,149.77,450,174,149.73,93
1000437831,GOOG,280.78,280.81,338,152,280.81,161
1000438889,AAPL,149.81,149.83,422,286,149.84,191
1000439603,GOOG,280.69,280.73,469,484,280.72,114
1000440792,AAPL,149.67,149.69,387,128,149.68,193
1000441725,GOOG,280.70,280.75,295,348,280.72,112
1000442772,AAPL,149.43,149.48,328,68,149.45,102
1000443990,GOOG,280.80,280.84,93,105,280.81,73
1000445163,AAPL,149.41,149.44,338,380,149.42,183
1000446325,GOOG,280.66,280.71,270,104,280.70,12
1000446925,AAPL,149.40,149.44,347,402,149.43,157
1000447651,GOOG,280.57,280.61,351,403,280.60,138
1000448305,AAPL,149.39,149.42,262,93,149.41,39
1000449656,GOOG,280.63,280.66,283,451,280.64,62
1000450689,AAPL,149.28,149.31,406,281,149.29,91
1000451257,GOOG,280.58,280.60,484,225,280.61,175
1000451868,AAPL,149.24,149.29,174,314,149.26,54
1000452933,GOOG,280.63,280.68,168,458,280.67,113
1000454077,AAPL,149.31,149.34,64,427,149.34,167
1000455481,GOOG,280.68,280.72,410,159,280.71,62
1000456266,AAPL,149.31,149.34,102,459,149.31,147
1000456957,GOOG,280.64,280.67,393,491,280.66,135
1000457997,AAPL,149.39,149.43,250,350,149.41,39
1000458853,GOOG,280.58,280.60,394,411,280.60,86
1000460293,AAPL,149.37,149.39,110,172,149.38,88
1000460912,GOOG,280.63,280.67,264,355,280.67,45
1000462000,AAPL,149.31,149.35,405,380,149.34,54
1000463068,GOOG,280.68,280.71,481,280,280.70,168
1000463622,AAPL,149.48,149.51,149,467,149.48,108
1000465108,GOOG,280.54,280.58,301,262,280.55,191
1000466468,AAPL,149.42,149.46,457,439,149.44,66
1000467267,GOOG,280.61,280.64,449,284,280.63,154
1000468527,AAPL,149.44,149.47,343,108,149.44,78
1000469820,GOOG,280.32,280.35,437,71,280.33,194
1000470771,AAPL,149.15,149.18,474,384,149.16,73
1000471575,GOOG,280.34,280.37,491,468,280.35,32
1000472524,AAPL,149.18,149.22,157,465,149.19,198
1000473626,GOOG,280.26,280.30,269,134,280.26,167
1000474268,AAPL,149.22,149.26,341,229,149.22,146
1000475055,GOOG,280.20,280.25,199,198,280.22,156
1000475828,AAPL,149.33,149.38,467,98,149.35,44
1000477313,GOOG,280.22,280.24,191,493,280.22,177
1000477942,AAPL,149.32,149.35,214,474,149.33,73
1000479221,GOOG,280.27,280.30,373,187,280.27,170
1000480145,AAPL,149.29,149.33,443,97,149.31,113
1000481172,GOOG,280.26,280.31,282,299,280.27,93
1000482267,AAPL,149.46,149.50,424,284,149.48,172
1000483447,GOOG,280.20,280.24,253,161,280.20,119
1000484791,AAPL,149.48,149.52,222,330,149.51,157
1000485424,GOOG,280.10,280.13,399,440,280.11,22
1000485971,AAPL,149.62,149.66,113,489,149.65,50
1000486922,GOOG,279.80,279.83,402,117,279.82,176
1000487731,AAPL,149.75,149.78,385,234,149.79,74
1000488315,GOOG,279.65,279.68,252,370,279.68,88
1000489558,AAPL,149.72,149.76,410,98,149.74,10
1000490276,GOOG,279.60,279.63,398,277,279.61,12
1000490784,AAPL,149.66,149.71,266,405,149.66,43
1000491773,GOOG,279.68,279.72,102,102,279.71,90
1000492649,AAPL,149.70,149.74,435,497,149.72,44
1000493805,GOOG,279.74,279.77,54,362,279.76,176
1000494473,AAPL,149.55,149.59,127,260,149.58,167
1000495676,GOOG,279.67,279.71,121,435,279.69,41
1000496779,AAPL,149.55,149.58,455,121,149.55,73
1000497562,GOOG,279.63,279.66,419,361,279.64,82
1000498859,AAPL,149.56,149.61,498,204,149.58,62
1000499889,GOOG,279.58,279.61,380,77,279.59,71
1000500895,AAPL,149.51,149.55,86,320,149.53,13
1000501764,GOOG,279.62,279.67,341,265,279.64,103
1000502823,AAPL,149.43,149.48,444,87,149.44,14
1000503924,GOOG,279.70,279.72,80,454,279.72,111
1000504942,AAPL,149.40,149.44,266,409,149.44,112
1000505526,GOOG,279.62,279.65,92,208,279.63,30
1000506549,AAPL,149.65,149.67,217,250,149.65,160
1000507698,GOOG,279.63,279.67,208,407,279.63,121
1000508945,AAPL,149.72,149.74,272,109,149.73,126
1000510071,GOOG,279.56,279.60,429,139,279.58,40
1000510583,AAPL,149.68,149.70,227,317,149.68,142
1000511884,GOOG,279.60,279.63,433,449,279.61,78
1000513134,AAPL,149.81,149.83,463,269,149.81,79
1000514170,GOOG,279.74,279.78,89,304,279.77,126
1000515193,AAPL,149.73,149.76,238,130,149.75,75
1000516484,GOOG,279.84,279.89,166,429,279.87,140
1000516986,AAPL,149.92,149.95,291,236,149.94,108
1000518428,GOOG,279.98,280.02,333,461,280.02,192
1000519686,AAPL,149.88,149.91,418,213,149.89,79
1000521031,GOOG,280.07,280.10,76,141,280.09,67
1000522354,AAPL,149.85,149.88,499,288,149.87,82
1000523646,GOOG,280.12,280.15,54,238,280.13,61
1000524444,AAPL,149.77,149.81,287,238,149.78,161
1000525939,GOOG,279.95,279.98,329,439,279.96,72
1000526593,AAPL,149.88,149.90,227,375,149.89,187
1000527991,GOOG,280.03,280.07,242,484,280.05,198
1000529235,AAPL,149.84,149.89,264,301,149.87,25
1000530730,GOOG,280.20,280.22,168,482,280.21,143
1000531652,AAPL,149.81,149.86,93,347,149.83,34
1000532669,GOOG,280.32,280.35,340,81,280.35,121
1000533847,AAPL,149.90,149.92,211,460,149.91,110
1000535064,GOOG,280.36,280.40,169,88,280.37,61
1000535703,AAPL,149.92,149.95,134,280,149.92,129
1000536524,GOOG,280.25,280.30,156,281,280.28,88
1000537498,AAPL,149.92,149.94,401,205,149.93,190
1000538711,GOOG,280.20,280.24,125,96,280.22,192
1000539465,AAPL,150.02,150.04,203,183,150.03,54
1000539996,GOOG,280.39,280.43,331,177,280.40,34
1000540969,AAPL,150.16,150.18,81,475,150.18,66
1000541602,GOOG,280.42,280.46,380,93,280.45,159
1000542702,AAPL,150.15,150.17,83,151,150.18,175
1000543656,GOOG,280.43,280.48,464,219,280.45,41
1000544199,AAPL,150.17,150.21,271,470,150.19,195
1000545103,GOOG,280.34,280.37,231,159,280.36,57
1000545884,AAPL,150.14,150.16,367,365,150.17,72
1000547046,GOOG,280.31,280.35,81,94,280.34,81
1000547938,AAPL,150.17,150.22,319,177,150.20,171
1000549259,GOOG,280.29,280.33,415,233,280.31,132
1000550316,AAPL,150.19,150.23,214,248,150.20,79
1000551000,GOOG,280.43,280.45,465,448,280.45,81
1000551559,AAPL,150.24,150.27,349,169,150.24,50
1000552161,GOOG,280.43,280.46,455,427,280.45,24
1000553443,AAPL,150.30,150.35,458,248,150.32,100
1000554900,GOOG,280.53,280.56,353,212,280.53,198
1000556114,AAPL,150.22,150.26,230,340,150.25,154
1000556759,GOOG,280.46,280.51,302,327,280.48,89
1000557438,AAPL,150.18,150.21,162,60,150.20,144
1000558427,GOOG,280.70,280.72,116,224,280.71,193
1000559108,AAPL,150.35,150.38,61,125,150.35,160
1000560329,GOOG,280.84,280.88,490,236,280.85,28
1000561211,AAPL,150.30,150.34,222,204,150.31,92
1000561850,GOOG,281.00,281.04,377,299,281.02,176
1000562674,AAPL,150.42,150.46,364,452,150.47,101
1000563402,GOOG,280.91,280.94,425,402,280.91,85
1000564032,AAPL,150.43,150.47,343,250,150.45,155
1000564565,GOOG,280.94,280.99,363,163,280.97,173
1000565644,AAPL,150.52,150.55,89,171,150.55,98
1000566471,GOOG,281.06,281.08,412,393,281.09,173
1000567717,AAPL,150.61,150.64,177,404,150.61,27
1000568575,GOOG,281.05,281.08,247,274,281.07,197
1000569504,AAPL,150.81,150.84,243,229,150.82,149
1000570388,GOOG,281.13,281.18,383,438,281.16,185
1000571118,AAPL,150.82,150.87,200,60,150.85,91
1000571885,GOOG,281.18,281.21,242,132,281.19,197
1000572461,AAPL,150.63,150.65,354,364,150.63,133
1000573682,GOOG,281.42,281.44,272,130,281.43,23
1000574285,AAPL,150.49,150.53,333,419,150.53,196
1000575338,GOOG,281.41,281.43,75,251,281.43,156
1000576400,AAPL,150.52,150.56,268,94,150.54,85
1000577743,GOOG,281.34,281.36,63,155,281.34,53
1000578896,AAPL,150.51,150.55,207,451,150.53,111
1000579878,GOOG,281.19,281.21,328,248,281.20,57
1000580757,AAPL,150.58,150.62,184,275,150.60,129
1000581526,GOOG,281.20,281.23,435,406,281.22,180
1000582125,AAPL,150.66,150.70,437,351,150.68,68
1000583191,GOOG,281.29,281.32,324,401,281.31,131
1000584277,AAPL,150.75,150.78,487,415,150.76,18
1000585291,GOOG,281.18,281.22,367,125,281.19,40
1000586763,AAPL,150.74,150.79,158,463,150.76,59
1000587392,GOOG,281.22,281.26,153,471,281.24,170
1000588043,AAPL,150.78,150.83,463,84,150.80,32
1000588940,GOOG,281.10,281.14,316,284,281.11,13
1000590245,AAPL,150.74,150.79,107,262,150.75,48
1000590896,GOOG,280.97,281.02,101,104,280.99,154
1000592194,AAPL,150.81,150.85,226,499,150.84,115
1000592964,GOOG,280.89,280.93,69,138,280.92,80
1000593876,AAPL,150.90,150.94,69,252,150.93,94
1000595083,GOOG,280.90,280.95,240,60,280.94,96
1000596420,AAPL,150.92,150.96,489,406,150.93,185
1000597020,GOOG,280.98,281.01,430,276,280.99,92
1000597795,AAPL,150.91,150.93,276,158,150.91,114
1000599053,GOOG,280.86,280.89,78,313,280.88,50
1000599620,AAPL,150.86,150.89,485,318,150.89,155
1000600149,GOOG,280.96,280.98,79,177,280.99,18
1000601116,AAPL,150.95,150.98,238,471,150.97,128
1000602133,GOOG,280.77,280.81,173,240,280.80,135
1000603241,AAPL,150.71,150.74,332,229,150.73,98
1000603908,GOOG,280.81,280.85,96,195,280.82,17
1000604803,AAPL,150.89,150.93,159,488,150.92,66
1000605965,GOOG,280.82,280.86,312,60,280.85,184
1000606474,AAPL,150.85,150.87,460,54,150.86,67
1000607232,GOOG,280.63,280.67,413,379,280.64,80
1000608165,AAPL,151.00,151.03,161,288,151.00,87
1000609358,GOOG,280.50,280.53,53,311,280.51,179
1000610847,AAPL,151.05,151.09,361,194,151.06,86
1000612047,GOOG,280.52,280.57,377,216,280.55,80
1000612814,AAPL,150.91,150.95,146,126,150.91,142
1000614097,GOOG,280.52,280.57,464,357,280.55,113
1000615273,AAPL,150.90,150.92,304,201,150.91,76
1000616701,GOOG,280.45,280.47,412,342,280.46,58
1000617552,AAPL,150.88,150.92,451,293,150.89,181
1000618419,GOOG,280.24,280.29,498,335,280.27,56
1000619219,AAPL,150.93,150.95,463,336,150.94,56
1000620688,GOOG,280.22,280.24,231,164,280.22,200
1000622080,AAPL,150.86,150.89,183,349,150.90,85
1000623054,GOOG,280.27,280.32,348,347,280.29,168
1000623626,AAPL,150.80,150.83,398,245,150.82,145
1000624431,GOOG,280.11,280.13,152,225,280.13,114
1000625514,AAPL,151.03,151.06,491,416,151.03,56
1000626811,GOOG,280.18,280.22,210,374,280.20,24
1000627315,AAPL,150.96,151.00,345,441,150.98,50
1000628316,GOOG,280.23,280.25,272,374,280.22,119
1000629229,AAPL,150.87,150.89,323,152,150.88,197
1000630111,GOOG,280.42,280.46,321,147,280.43,14
1000631303,AAPL,151.02,151.05,499,226,151.04,89
1000631935,GOOG,280.52,280.55,83,471,280.54,21
1000632740,AAPL,151.12,151.16,318,222,151.14,121
1000634149,GOOG,280.49,280.54,300,233,280.51,58
1000634817,AAPL,151.34,151.37,166,164,151.35,196
1000635451,GOOG,280.50,280.54,113,237,280.52,192
1000636617,AAPL,151.36,151.40,444,323,151.37,169
1000637166,GOOG,280.48,280.50,478,60,280.49,22
1000638372,AAPL,151.45,151.47,179,292,151.47,189
1000639028,GOOG,280.52,280.54,265,388,280.55,35
1000640206,AAPL,151.30,151.34,264,475,151.32,36
1000641229,GOOG,280.51,280.54,104,304,280.52,60
1000642352,AAPL,151.33,151.36,153,233,151.35,190
1000643271,GOOG,280.50,280.53,156,402,280.52,133
1000644109,AAPL,151.34,151.36,106,477,151.35,156
1000645294,GOOG,280.25,280.29,88,420,280.27,195
1000645897,AAPL,151.45,151.48,201,185,151.46,128
1000646448,GOOG,280.31,280.33,198,234,280.33,183
1000647268,AAPL,151.40,151.45,73,54,151.43,45
1000648447,GOOG,280.24,280.29,368,187,280.26,197
1000649042,AAPL,151.35,151.37,254,283,151.37,79
1000650397,GOOG,280.10,280.14,382,458,280.13,52
1000651012,AAPL,151.44,151.49,482,131,151.48,36
1000651938,GOOG,280.20,280.24,274,142,280.21,166
1000652826,AAPL,151.47,151.52,500,479,151.48,196
1000654322,GOOG,280.29,280.33,260,275,280.30,21
1000654886,AAPL,151.47,151.51,397,318,151.49,200
1000655976,GOOG,280.27,280.32,497,223,280.29,142
1000657011,AAPL,151.42,151.45,422,177,151.42,133
1000657865,GOOG,280.21,280.23,473,335,280.21,166
1000658420,AAPL,151.65,151.68,290,486,151.67,136
1000659810,GOOG,280.29,280.32,219,192,280.32,22
1000660829,AAPL,151.67,151.71,170,90,151.70,127
1000661783,GOOG,280.32,280.36,278,211,280.33,40
1000662792,AAPL,151.67,151.71,68,335,151.69,150
1000663292,GOOG,280.40,280.45,376,205,280.41,140
1000664367,AAPL,151.71,151.75,236,472,151.74,23
1000665703,GOOG,280.42,280.46,367,357,280.45,131
1000666936,AAPL,151.63,151.65,438,387,151.63,66
1000667438,GOOG,280.32,280.36,199,330,280.36,143
1000668320,AAPL,151.62,151.65,121,470,151.63,193
1000669580,GOOG,280.31,280.35,146,111,280.33,110
1000670300,AAPL,151.44,151.49,105,437,151.47,116
1000670847,GOOG,280.48,280.52,445,280,280.49,127
1000672021,AAPL,151.34,151.39,52,321,151.36,198
1000672570,GOOG,280.38,280.42,310,449,280.40,55
1000673778,AAPL,151.21,151.23,248,386,151.22,163
1000674898,GOOG,280.47,280.50,361,404,280.48,73
1000675678,AAPL,151.13,151.16,462,118,151.15,45
1000676600,GOOG,280.30,280.34,481,409,280.31,150
1000677981,AAPL,151.07,151.10,161,152,151.10,63
1000679120,GOOG,280.26,280.31,117,413,280.27,176
1000680618,AAPL,151.18,151.22,215,413,151.20,39
1000681897,GOOG,280.20,280.24,391,413,280.23,116
1000683087,AAPL,151.18,151.21,483,266,151.18,13
1000684122,GOOG,280.29,280.31,78,152,280.30,78
1000685390,AAPL,151.24,151.28,124,479,151.23,25
1000686597,GOOG,280.29,280.33,233,466,280.30,125
1000687201,AAPL,151.13,151.17,164,430,151.14,175
1000688275,GOOG,280.20,280.24,406,197,280.23,187
1000689455,AAPL,151.23,151.26,453,400,151.25,90
1000690944,GOOG,280.19,280.22,367,494,280.20,123
1000692293,AAPL,151.24,151.29,238,436,151.28,160
1000693352,GOOG,280.18,280.22,149,200,280.19,124
1000694033,AAPL,151.28,151.33,426,313,151.30,40
1000694919,GOOG,280.26,280.29,132,349,280.28,75
1000695424,AAPL,151.21,151.24,128,215,151.24,162
1000695976,GOOG,280.28,280.32,204,301,280.28,156
1000697039,AAPL,151.10,151.13,162,144,151.13,143
1000697608,GOOG,280.29,280.33,256,97,280.31,99
1000698334,AAPL,151.21,151.24,200,161,151.22,168
1000699377,GOOG,280.16,280.21,382,54,280.19,39
1000700561,AAPL,151.17,151.20,368,174,151.19,20
1000701759,GOOG,280.24,280.28,108,247,280.25,75
1000702812,AAPL,151.16,151.20,444,241,151.18,141
1000704134,GOOG,280.13,280.16,383,148,280.14,92
1000705160,AAPL,151.20,151.24,445,325,151.22,146
1000705667,GOOG,280.08,280.11,159,492,280.09,185
1000706601,AAPL,151.23,151.28,499,429,151.25,121
1000707763,GOOG,280.09,280.13,62,285,280.11,193
1000708602,AAPL,151.28,151.31,178,335,151.29,28
1000709690,GOOG,280.19,280.22,280,372,280.19,113
1000710633,AAPL,151.24,151.26,53,378,151.26,194
1000711766,GOOG,280.35,280.37,484,87,280.37,101
1000713216,AAPL,151.15,151.19,360,94,151.17,82
1000714499,GOOG,280.42,280.47,65,292,280.44,50
1000715545,AAPL,151.18,151.22,484,329,151.22,85
1000717028,GOOG,280.37,280.41,457,493,280.38,196
1000718191,AAPL,151.01,151.05,334,122,151.05,41
1000718733,GOOG,280.51,280.54,93,206,280.53,63
1000719999,AAPL,151.01,151.04,380,485,151.01,141
1000720644,GOOG,280.54,280.59,149,108,280.57,56
1000721831,AAPL,151.06,151.10,331,286,151.06,175
1000722893,GOOG,280.68,280.71,151,421,280.70,158
1000723891,AAPL,151.15,151.19,170,101,151.17,82
1000725025,GOOG,280.74,280.77,218,365,280.76,178
1000725838,AAPL,151.13,151.17,463,211,151.15,119
1000726510,GOOG,280.82,280.84,428,378,280.83,121
1000727293,AAPL,151.16,151.20,499,295,151.18,128
1000728249,GOOG,280.76,280.80,139,380,280.78,165
1000728832,AAPL,151.28,151.30,325,150,151.27,77
1000730083,GOOG,280.80,280.82,59,484,280.81,139
1000731229,AAPL,151.40,151.43,352,158,151.42,19
1000732293,GOOG,280.78,280.81,384,446,280.81,48
1000733167,AAPL,151.23,151.27,488,198,151.27,44
1000734142,GOOG,280.73,280.77,55,389,280.75,71
1000735510,AAPL,151.51,151.55,437,313,151.52,45
1000736466,GOOG,280.80,280.84,496,124,280.83,198
1000737715,AAPL,151.42,151.45,299,168,151.44,26
1000738485,GOOG,280.79,280.81,455,234,280.80,109
1000739465,AAPL,151.60,151.63,382,215,151.61,36
1000740685,GOOG,280.92,280.95,429,184,280.94,158
1000741742,AAPL,151.51,151.54,350,384,151.52,29
1000742771,GOOG,280.92,280.95,257,230,280.96,98
1000743769,AAPL,151.57,151.59,121,275,151.56,52
1000744504,GOOG,281.05,281.08,145,130,281.07,102
1000745620,AAPL,151.56,151.59,465,219,151.57,194
1000746236,GOOG,280.94,280.96,132,381,280.95,115
1000746758,AAPL,151.56,151.59,118,372,151.58,141
1000747298,GOOG,280.98,281.01,142,314,280.99,113
1000748411,AAPL,151.69,151.74,422,388,151.71,82
1000749880,GOOG,281.06,281.11,494,296,281.09,53
1000750604,AAPL,151.76,151.80,470,442,151.77,56
1000751742,GOOG,281.02,281.07,225,282,281.04,162
1000752846,AAPL,151.86,151.88,58,153,151.87,143
1000754226,GOOG,281.15,281.20,360,99,281.16,55
1000755213,AAPL,151.96,152.00,322,307,151.97,40
1000755808,GOOG,281.10,281.14,473,50,281.12,183
1000756972,AAPL,151.86,151.91,407,321,151.89,119
1000757706,GOOG,281.21,281.25,229,351,281.22,199
1000759135,AAPL,151.88,151.91,118,180,151.88,132
1000760419,GOOG,281.23,281.26,498,328,281.27,114
1000761182,AAPL,151.93,151.98,345,317,151.97,40
1000762214,GOOG,281.37,281.41,211,259,281.39,102
1000762823,AAPL,152.02,152.05,487,324,152.05,118
1000763901,GOOG,281.32,281.36,436,154,281.35,115
1000764966,AAPL,152.04,152.08,334,297,152.05,74
1000765780,GOOG,281.17,281.20,120,487,281.18,178
1000766401,AAPL,152.04,152.08,132,101,152.05,64
1000767421,GOOG,281.10,281.13,406,400,281.12,190
1000767974,AAPL,152.19,152.21,96,471,152.22,47
1000768956,GOOG,281.20,281.22,163,239,281.21,30
1000770079,AAPL,152.27,152.32,364,385,152.29,143
1000770872,GOOG,281.15,281.20,469,139,281.16,173
1000771878,AAPL,152.21,152.25,461,315,152.23,83
1000772577,GOOG,281.29,281.33,168,364,281.31,53
1000773767,AAPL,152.29,152.31,130,94,152.30,80
1000775065,GOOG,281.17,281.21,152,315,281.20,13
1000776319,AAPL,152.22,152.25,421,474,152.22,153
1000777755,GOOG,281.09,281.13,165,360,281.11,59
1000778720,AAPL,152.34,152.37,258,309,152.35,37
1000779792,GOOG,281.16,281.21,461,312,281.19,75
1000781189,AAPL,152.17,152.20,276,243,152.18,154
1000782184,GOOG,281.18,281.23,284,398,281.19,127
1000783602,AAPL,152.15,152.17,84,245,152.16,172
1000784909,GOOG,281.34,281.37,211,261,281.36,100
1000785937,AAPL,152.00,152.02,197,97,152.01,112
1000787126,GOOG,281.34,281.37,141,293,281.35,90
1000787988,AAPL,152.02,152.05,432,399,152.05,58
1000788998,GOOG,281.34,281.36,185,155,281.34,68
1000789705,AAPL,152.12,152.15,448,104,152.12,40
1000791147,GOOG,281.55,281.59,53,441,281.58,148
1000792627,AAPL,152.22,152.26,302,344,152.25,80
1000793629,GOOG,281.62,281.66,253,163,281.65,157
1000794260,AAPL,152.40,152.43,326,66,152.42,138
1000795115,GOOG,281.51,281.53,111,407,281.53,142
1000796086,AAPL,152.39,152.43,244,347,152.41,35
1000796919,GOOG,281.38,281.40,184,171,281.41,78
1000797901,AAPL,152.48,152.51,267,157,152.49,117
1000799118,GOOG,281.38,281.41,280,142,281.38,156
1000799752,AAPL,152.62,152.67,419,188,152.65,70
1000800820,GOOG,281.29,281.32,428,126,281.31,131
1000802145,AAPL,152.74,152.76,484,372,152.75,142
1000803191,GOOG,281.26,281.29,337,489,281.25,155
1000803739,AAPL,152.62,152.64,466,180,152.64,131
1000805098,GOOG,281.18,281.21,234,234,281.19,153
1000806168,AAPL,152.69,152.71,112,229,152.70,183
1000807654,GOOG,281.07,281.11,325,139,281.08,82
1000808517,AAPL,152.62,152.67,278,90,152.66,107
1000809645,GOOG,281.05,281.07,135,377,281.07,96
1000810576,AAPL,152.53,152.58,86,90,152.55,51
1000811427,GOOG,281.06,281.09,186,359,281.08,175
1000812331,AAPL,152.52,152.56,235,432,152.55,160
1000813364,GOOG,281.16,281.19,61,114,281.17,196
1000814104,AAPL,152.40,152.44,90,157,152.40,52
1000815010,GOOG,281.18,281.23,330,77,281.20,16
1000816299,AAPL,152.27,152.29,184,366,152.29,49
1000816885,GOOG,281.07,281.10,176,427,281.07,82
1000817838,AAPL,152.22,152.27,64,67,152.24,179
1000818703,GOOG,281.12,281.16,495,326,281.14,79
1000819764,AAPL,151.97,152.02,140,352,152.00,162
1000820731,GOOG,281.03,281.06,318,377,281.03,173
1000821777,AAPL,151.94,151.98,462,95,151.97,123
1000822592,GOOG,280.98,281.01,50,317,281.00,44
1000823444,AAPL,151.91,151.95,301,436,151.95,132
1000824250,GOOG,281.09,281.11,168,457,281.10,11
1000825311,AAPL,151.84,151.88,252,177,151.87,51
1000826543,GOOG,281.08,281.11,184,90,281.08,118
1000827683,AAPL,151.85,151.90,463,405,151.89,185
1000828461,GOOG,281.03,281.08,261,146,281.07,27
1000829147,AAPL,151.89,151.92,281,189,151.91,189
1000830284,GOOG,280.96,280.98,323,61,280.97,57
1000831779,AAPL,151.95,151.99,422,54,151.97,69
1000832371,GOOG,281.02,281.05,209,452,281.05,137
1000833251,AAPL,151.78,151.81,481,434,151.80,47
1000833808,GOOG,281.01,281.04,142,148,281.04,74
1000835144,AAPL,151.76,151.81,415,177,151.78,108
1000836433,GOOG,281.08,281.13,151,285,281.10,198
1000837722,AAPL,151.89,151.92,249,398,151.91,89
1000839180,GOOG,281.03,281.05,331,316,281.05,41
1000839939,AAPL,151.81,151.84,76,492,151.82,180
1000840662,GOOG,281.09,281.13,57,135,281.11,80
1000841760,AAPL,151.94,151.96,71,347,151.96,186
1000842746,GOOG,281.07,281.11,177,130,281.08,137
1000843339,AAPL,151.89,151.94,438,370,151.91,25
1000843900,GOOG,281.03,281.07,104,114,281.06,134
1000844638,AAPL,151.84,151.88,227,462,151.88,122
1000845888,GOOG,281.09,281.12,118,178,281.12,20
1000846884,AAPL,151.81,151.85,300,147,151.82,155
1000847575,GOOG,281.00,281.04,494,475,281.02,163
1000849011,AAPL,151.85,151.88,280,201,151.86,77
1000850065,GOOG,281.00,281.04,244,425,281.02,57
1000851469,AAPL,152.04,152.08,172,214,152.07,194
1000852033,GOOG,280.94,280.97,318,399,280.94,137
1000853317,AAPL,151.92,151.95,378,214,151.93,38
1000853915,GOOG,280.89,280.94,116,141,280.91,18
1000854621,AAPL,151.97,151.99,378,478,151.99,109
1000855794,GOOG,280.76,280.79,75,237,280.78,66
1000856914,AAPL,151.96,152.00,385,301,151.98,30
1000857893,GOOG,280.77,280.80,262,470,280.78,104
1000859206,AAPL,151.92,151.95,70,425,151.91,28
1000860560,GOOG,280.68,280.73,99,101,280.73,195
1000861296,AAPL,151.85,151.89,177,341,151.87,170
1000862766,GOOG,280.76,280.79,104,442,280.79,173
1000863856,AAPL,151.78,151.82,103,135,151.81,56
1000864919,GOOG,280.69,280.72,357,276,280.71,100
1000866343,AAPL,151.66,151.69,240,261,151.70,172
1000867283,GOOG,280.73,280.76,329,159,280.74,106
1000868567,AAPL,151.50,151.53,281,279,151.51,111
1000869067,GOOG,280.68,280.72,315,119,280.67,87
1000869573,AAPL,151.47,151.52,61,445,151.50,186
1000870915,GOOG,280.66,280.70,342,129,280.69,34
1000871453,AAPL,151.43,151.45,348,177,151.44,69
1000872215,GOOG,280.68,280.71,161,425,280.69,29
1000873455,AAPL,151.37,151.41,403,409,151.40,157
1000874794,GOOG,280.80,280.82,424,463,280.80,157
1000875684,AAPL,151.40,151.44,228,500,151.42,121
1000876610,GOOG,280.83,280.88,432,384,280.85,164
1000878060,AAPL,151.58,151.61,206,318,151.59,20
1000878886,GOOG,280.78,280.82,163,128,280.80,22
1000880075,AAPL,151.56,151.60,354,344,151.57,139
1000880667,GOOG,280.80,280.83,117,222,280.82,31
1000881654,AAPL,151.54,151.57,93,254,151.55,138
1000882598,GOOG,280.81,280.84,336,151,280.82,134
1000883502,AAPL,151.49,151.53,426,318,151.51,73
1000884250,GOOG,280.96,280.99,344,95,280.99,38
1000885437,AAPL,151.42,151.44,226,354,151.44,177
1000885961,GOOG,280.97,281.00,470,461,280.98,123
1000887099,AAPL,151.43,151.47,152,400,151.45,105
1000887758,GOOG,280.98,281.01,77,174,280.98,168
1000889206,AAPL,151.55,151.58,225,405,151.58,38
1000890018,GOOG,280.96,280.99,325,158,280.98,62
1000891077,AAPL,151.47,151.50,423,122,151.49,187
1000892292,GOOG,280.90,280.95,319,72,280.92,75
1000892966,AAPL,151.53,151.57,188,77,151.55,129
1000894136,GOOG,280.94,280.98,389,486,280.96,178
1000895004,AAPL,151.54,151.58,382,247,151.56,69
1000895893,GOOG,280.78,280.83,298,493,280.81,162
1000896937,AAPL,151.59,151.64,337,414,151.62,15
1000897477,GOOG,280.79,280.82,251,431,280.82,50
1000897995,AAPL,151.55,151.58,170,306,151.57,80
1000899326,GOOG,280.86,280.90,467,65,280.88,152
1000900797,AAPL,151.53,151.58,386,120,151.56,32
1000902044,GOOG,280.67,280.71,370,401,280.71,68
1000902971,AAPL,151.53,151.58,359,218,151.56,124
1000904026,GOOG,280.77,280.81,400,459,280.80,61
1000905409,AAPL,151.63,151.68,119,270,151.67,47
1000906580,GOOG,280.98,281.01,335,322,280.98,194
1000907201,AAPL,151.72,151.75,65,441,151.75,91
1000908602,GOOG,281.23,281.26,431,470,281.24,173
1000910057,AAPL,151.72,151.74,117,144,151.72,16
1000911337,GOOG,281.36,281.40,363,168,281.38,162
1000912074,AAPL,151.72,151.74,449,294,151.73,44
1000913088,GOOG,281.43,281.47,144,486,281.44,109
1000914091,AAPL,151.66,151.69,259,441,151.67,13
1000915538,GOOG,281.41,281.46,153,437,281.44,62
1000916105,AAPL,151.77,151.80,365,300,151.81,186
1000916937,GOOG,281.56,281.59,447,71,281.56,165
1000918189,AAPL,151.84,151.87,430,342,151.84,162
1000919238,GOOG,281.35,281.39,316,105,281.37,125
1000920205,AAPL,151.84,151.89,315,325,151.87,111
1000921457,GOOG,281.45,281.49,75,147,281.47,84
1000922407,AAPL,151.78,151.82,286,135,151.81,118
1000923208,GOOG,281.43,281.46,122,287,281.44,175
1000924170,AAPL,151.89,151.91,349,406,151.91,149
1000924808,GOOG,281.36,281.38,282,352,281.38,192
1000926225,AAPL,151.92,151.95,404,382,151.94,192
1000927540,GOOG,281.45,281.47,411,280,281.47,172
1000928411,AAPL,152.05,152.09,311,363,152.08,50
1000929298,GOOG,281.42,281.44,221,339,281.43,178
1000930681,AAPL,152.17,152.20,414,76,152.20,117
1000931496,GOOG,281.35,281.38,370,142,281.38,40
1000932916,AAPL,152.21,152.25,179,56,152.24,127
1000933925,GOOG,281.43,281.45,302,171,281.43,65
1000935027,AAPL,152.16,152.19,357,357,152.16,11
1000935777,GOOG,281.48,281.52,469,472,281.50,63
1000936327,AAPL,152.17,152.20,124,487,152.19,18
1000937510,GOOG,281.37,281.40,94,75,281.38,37
1000938436,AAPL,152.23,152.26,388,404,152.24,189
1000939545,GOOG,281.24,281.29,433,346,281.26,102
1000940998,AAPL,152.40,152.43,244,469,152.42,27
1000942274,GOOG,281.14,281.17,118,112,281.16,187
1000943654,AAPL,152.37,152.41,406,157,152.40,166
1000944213,GOOG,281.26,281.30,94,297,281.29,195
1000945418,AAPL,152.23,152.27,268,361,152.24,91
1000946183,GOOG,280.94,280.97,116,364,280.95,154
1000947191,AAPL,152.10,152.13,142,362,152.11,69
1000948416,GOOG,280.93,280.95,288,370,280.95,40
1000949671,AAPL,152.19,152.24,261,73,152.20,95
1000950529,GOOG,280.80,280.82,153,403,280.80,82
1000951289,AAPL,152.22,152.26,215,442,152.23,11
1000951905,GOOG,280.75,280.79,365,64,280.76,54
1000952603,AAPL,152.17,152.21,292,458,152.20,19
1000953764,GOOG,280.79,280.83,492,324,280.82,95
1000954737,AAPL,152.19,152.24,477,316,152.21,86
1000955815,GOOG,280.78,280.82,156,345,280.79,185
1000956654,AAPL,152.26,152.30,126,193,152.26,17
1000957501,GOOG,280.91,280.96,342,360,280.94,109
1000958192,AAPL,152.09,152.14,411,489,152.10,90
1000959418,GOOG,281.02,281.06,171,240,281.04,125
1000960767,AAPL,152.17,152.20,107,241,152.18,19
1000962063,GOOG,281.03,281.07,459,297,281.06,138
1000962720,AAPL,152.24,152.29,318,208,152.29,93
1000963366,GOOG,281.03,281.08,314,396,281.05,43
1000964076,AAPL,152.23,152.27,317,109,152.24,11
1000964894,GOOG,281.18,281.22,94,220,281.19,129
1000966304,AAPL,152.34,152.38,209,61,152.37,157
1000967580,GOOG,281.10,281.13,148,196,281.14,80
1000968625,AAPL,152.31,152.33,126,130,152.33,80
1000969242,GOOG,281.24,281.27,155,327,281.26,99
1000970304,AAPL,152.27,152.32,195,343,152.30,72
1000970979,GOOG,281.36,281.39,277,75,281.39,43
1000971508,AAPL,152.14,152.16,77,94,152.15,119
1000972409,GOOG,281.42,281.46,478,403,281.45,189
1000973365,AAPL,152.06,152.10,415,438,152.08,181
1000974693,GOOG,281.15,281.19,288,340,281.17,43
1000975288,AAPL,152.15,152.19,283,208,152.15,185
1000976447,GOOG,281.13,281.16,164,123,281.13,167
1000977211,AAPL,152.23,152.27,390,219,152.25,93
1000978175,GOOG,281.10,281.12,295,286,281.11,53
1000978964,AAPL,152.26,152.28,102,257,152.26,192
1000980279,GOOG,281.20,281.22,204,322,281.22,128
1000981189,AAPL,152.19,152.22,131,296,152.20,108
1000981756,GOOG,281.09,281.13,451,272,281.13,155
1000983062,AAPL,152.11,152.14,392,89,152.14,199
1000984515,GOOG,281.05,281.08,355,287,281.05,93
1000985583,AAPL,152.20,152.23,257,85,152.22,163
1000986194,GOOG,280.99,281.03,217,303,281.00,175
1000987370,AAPL,152.26,152.29,347,436,152.28,172
1000988699,GOOG,281.06,281.08,322,199,281.07,109
1000989829,AAPL,152.20,152.24,212,203,152.22,155
1000991142,GOOG,281.12,281.16,272,417,281.14,98
1000991733,AAPL,152.08,152.12,483,115,152.09,85
1000992296,GOOG,281.04,281.07,410,336,281.06,101
1000992908,AAPL,152.21,152.24,409,352,152.21,110
1000994048,GOOG,281.00,281.03,329,158,281.02,179
1000994725,AAPL,152.15,152.18,234,480,152.17,116
1000995382,GOOG,280.95,280.98,55,86,280.99,175
1000995898,AAPL,152.27,152.31,119,93,152.31,45
1000997055,GOOG,281.01,281.06,406,359,281.02,118
1000998193,AAPL,152.33,152.36,280,246,152.35,100
1000998924,GOOG,281.07,281.11,483,424,281.10,70
1001000153,AAPL,152.22,152.26,237,67,152.24,19
1001001234,GOOG,280.97,281.01,403,90,280.99,46
1001002481,AAPL,152.18,152.23,448,193,152.18,129
1001003510,GOOG,281.17,281.19,291,372,281.19,199
1001004689,AAPL,152.23,152.27,458,346,152.25,89
1001005816,GOOG,281.24,281.29,290,282,281.27,141
1001007243,AAPL,152.07,152.10,458,200,152.09,84
1001007914,GOOG,281.46,281.51,422,451,281.49,154
1001008680,AAPL,152.18,152.20,76,386,152.20,84
1001010008,GOOG,281.47,281.50,114,308,281.48,29
1001011379,AAPL,152.19,152.23,190,489,152.20,75
1001011893,GOOG,281.45,281.50,428,127,281.46,178
1001012850,AAPL,152.14,152.19,170,298,152.17,56
1001014168,GOOG,281.43,281.47,124,354,281.45,49
1001015525,AAPL,151.83,151.87,171,388,151.85,122
1001016768,GOOG,281.38,281.43,226,77,281.40,174
1001017538,AAPL,151.84,151.86,254,293,151.84,87
1001018525,GOOG,281.38,281.42,244,399,281.38,190
1001019424,AAPL,151.77,151.82,56,197,151.79,124
1001020315,GOOG,281.27,281.31,71,99,281.27,146
1001021467,AAPL,151.66,151.70,383,489,151.69,79
1001022310,GOOG,281.25,281.28,349,250,281.29,128
1001023601,AAPL,151.62,151.66,444,149,151.64,143
1001024446,GOOG,281.11,281.14,55,394,281.10,12
1001025797,AAPL,151.72,151.75,400,278,151.74,99
1001026521,GOOG,281.11,281.13,367,97,281.11,24
1001027982,AAPL,151.55,151.57,356,376,151.55,41
1001029207,GOOG,281.14,281.18,242,386,281.16,175
1001030286,AAPL,151.57,151.59,144,179,151.58,85
1001031264,GOOG,281.12,281.15,191,443,281.13,119
1001032472,AAPL,151.71,151.74,132,449,151.71,28
1001033255,GOOG,281.14,281.17,80,182,281.14,77
1001033937,AAPL,151.59,151.64,362,251,151.62,55
1001035097,GOOG,281.08,281.12,161,364,281.10,174
1001035705,AAPL,151.74,151.76,87,86,151.74,156
1001036950,GOOG,281.07,281.12,126,384,281.11,173
1001037450,AAPL,151.87,151.90,408,218,151.88,110
1001038538,GOOG,281.23,281.28,294,273,281.25,113
1001039902,AAPL,151.85,151.87,165,51,151.84,108
1001041379,GOOG,281.18,281.20,324,233,281.17,95
1001042577,AAPL,151.82,151.87,381,96,151.85,103
1001043624,GOOG,281.22,281.27,439,442,281.24,84
1001044787,AAPL,151.86,151.91,388,147,151.90,86
1001045999,GOOG,281.19,281.23,299,93,281.21,171
1001046947,AAPL,151.87,151.89,418,353,151.87,71
1001047947,GOOG,281.05,281.09,305,323,281.08,125
1001049436,AAPL,151.90,151.92,453,419,151.91,20
1001050351,GOOG,281.19,281.23,284,397,281.22,147
1001051003,AAPL,151.89,151.91,426,122,151.90,135
1001052172,GOOG,281.40,281.44,174,409,281.42,176
1001052805,AAPL,152.02,152.07,470,456,152.05,34
1001053772,GOOG,281.27,281.29,468,104,281.26,39
1001054781,AAPL,151.92,151.94,153,268,151.92,96
1001056111,GOOG,281.34,281.38,111,400,281.35,157
1001057169,AAPL,152.03,152.08,441,73,152.07,161
1001057846,GOOG,281.32,281.35,262,136,281.34,188
1001058724,AAPL,151.93,151.98,70,118,151.95,35
1001060034,GOOG,281.39,281.44,58,500,281.40,134
1001060616,AAPL,152.00,152.03,383,353,152.02,82
1001061542,GOOG,281.34,281.37,114,155,281.34,46
1001062697,AAPL,151.99,152.01,139,362,152.01,187
1001063235,GOOG,281.20,281.24,95,371,281.21,87
1001064091,AAPL,151.88,151.90,321,98,151.90,168
1001064961,GOOG,281.40,281.43,287,444,281.39,170
1001066136,AAPL,151.89,151.91,126,400,151.90,131
1001067145,GOOG,281.47,281.49,380,236,281.49,82
1001067859,AAPL,151.79,151.84,438,282,151.82,21
1001068465,GOOG,281.45,281.48,452,64,281.44,134
1001069492,AAPL,151.95,151.99,353,346,151.99,93
1001070421,GOOG,281.50,281.53,448,106,281.53,93
1001071154,AAPL,152.08,152.13,242,162,152.12,28
1001072136,GOOG,281.47,281.50,160,362,281.48,126
1001072818,AAPL,152.04,152.09,373,233,152.07,79
1001073525,GOOG,281.45,281.49,193,119,281.47,38
1001074897,AAPL,151.94,151.99,162,201,151.97,164
1001075557,GOOG,281.49,281.53,137,345,281.49,151
1001076932,AAPL,151.96,151.99,491,160,151.99,161
1001077916,GOOG,281.53,281.57,426,496,281.54,73
1001078669,AAPL,151.89,151.94,352,126,151.93,156
1001080088,GOOG,281.82,281.84,290,425,281.83,139
1001080622,AAPL,151.80,151.85,406,470,151.83,35
1001081585,GOOG,281.77,281.81,404,424,281.79,114
1001083057,AAPL,151.83,151.86,96,58,151.85,132
1001084242,GOOG,281.71,281.76,432,348,281.75,16
1001085741,AAPL,151.66,151.70,257,144,151.68,104
1001086882,GOOG,281.57,281.62,86,247,281.60,186
1001087722,AAPL,151.58,151.62,407,363,151.60,148
1001088811,GOOG,281.63,281.66,500,221,281.63,198
1001090265,AAPL,151.80,151.84,76,106,151.83,108
1001091139,GOOG,281.60,281.63,381,336,281.62,190
1001091707,AAPL,151.65,151.68,221,172,151.66,148
1001092323,GOOG,281.50,281.54,496,409,281.51,63
1001093594,AAPL,151.65,151.68,186,307,151.66,184
1001094527,GOOG,281.50,281.53,298,306,281.52,144
1001095876,AAPL,151.76,151.80,322,199,151.79,125
1001097011,GOOG,281.39,281.43,83,146,281.42,127
1001097600,AAPL,151.95,151.98,89,105,151.97,52
1001098382,GOOG,281.44,281.47,154,316,281.46,170
1001098905,AAPL,151.87,151.91,117,292,151.92,98
1001099835,GOOG,281.31,281.33,82,61,281.33,69
1001101189,AAPL,152.01,152.04,225,385,152.02,175
1001102494,GOOG,281.24,281.28,481,330,281.27,123
1001103462,AAPL,151.99,152.03,137,454,152.01,76
1001104194,GOOG,280.97,281.02,74,125,281.00,100
1001104985,AAPL,151.93,151.98,414,324,151.95,83
1001105671,GOOG,281.16,281.20,391,456,281.18,49
1001106336,AAPL,151.94,151.97,114,275,151.96,76
1001107214,GOOG,281.22,281.24,212,226,281.25,47
1001108095,AAPL,151.68,151.71,112,62,151.70,113
1001109548,GOOG,281.16,281.19,213,129,281.18,11
1001111041,AAPL,151.66,151.69,411,201,151.65,131
1001112458,GOOG,281.09,281.14,343,391,281.14,47
1001113776,AAPL,151.46,151.49,402,107,151.47,197
1001114766,GOOG,281.14,281.18,207,62,281.16,112
1001115898,AAPL,151.52,151.55,78,361,151.53,174
1001116597,GOOG,281.08,281.13,192,150,281.10,15
1001117182,AAPL,151.41,151.45,94,312,151.43,110
1001117881,GOOG,280.95,280.98,78,391,280.97,102
1001118788,AAPL,151.53,151.56,240,56,151.56,82
1001119641,GOOG,280.78,280.83,94,160,280.82,196
1001121050,AAPL,151.23,151.27,197,133,151.26,196
1001122543,GOOG,280.92,280.95,477,350,280.92,163
1001123131,AAPL,151.28,151.33,318,221,151.31,26
1001124586,GOOG,281.08,281.11,259,377,281.09,79
1001125510,AAPL,151.34,151.37,120,152,151.37,57
1001126862,GOOG,280.99,281.01,473,204,281.01,159
1001127673,AAPL,151.18,151.21,455,51,151.19,49
1001128441,GOOG,280.94,280.98,113,384,280.97,180
1001129855,AAPL,151.15,151.20,380,175,151.18,17
1001130477,GOOG,280.94,280.99,356,431,280.96,102
1001131572,AAPL,151.06,151.09,401,293,151.07,187
1001132909,GOOG,281.04,281.07,482,182,281.06,51
1001134004,AAPL,151.13,151.18,119,232,151.16,51
1001134558,GOOG,281.02,281.06,232,74,281.05,84
1001135356,AAPL,150.90,150.94,442,371,150.92,56
1001136639,GOOG,281.16,281.20,496,211,281.19,185
1001137958,AAPL,150.85,150.89,99,323,150.89,158
1001138818,GOOG,281.17,281.20,240,448,281.18,134
1001139739,AAPL,150.74,150.77,129,307,150.77,66
1001141090,GOOG,281.25,281.28,475,319,281.29,146
1001142319,AAPL,150.59,150.61,285,89,150.59,39
1001143657,GOOG,281.26,281.29,403,235,281.28,45
1001144993,AAPL,150.30,150.34,225,138,150.33,191
1001145804,GOOG,281.45,281.47,488,405,281.46,46
1001147008,AAPL,150.32,150.34,90,267,150.33,186
1001148289,GOOG,281.45,281.49,437,270,281.46,20
1001148990,AAPL,150.45,150.48,80,290,150.48,40
1001150420,GOOG,281.45,281.49,436,99,281.47,41
1001151862,AAPL,150.35,150.37,393,229,150.35,17
1001152454,GOOG,281.55,281.58,346,228,281.58,100
1001153118,AAPL,150.45,150.49,308,341,150.45,27
1001153719,GOOG,281.62,281.66,416,148,281.62,82
1001154394,AAPL,150.54,150.59,100,159,150.56,139
1001155765,GOOG,281.60,281.63,275,394,281.61,37
1001156450,AAPL,150.69,150.73,313,166,150.69,114
1001157065,GOOG,281.60,281.64,316,119,281.61,136
1001158345,AAPL,150.64,150.68,92,217,150.66,136
1001158963,GOOG,281.52,281.56,401,480,281.55,123
1001159694,AAPL,150.56,150.60,146,488,150.58,27
1001161110,GOOG,281.58,281.62,141,56,281.59,182
1001162113,AAPL,150.51,150.55,396,93,150.52,40
1001162759,GOOG,281.45,281.50,429,136,281.49,26
1001163631,AAPL,150.60,150.64,256,112,150.62,69
1001164989,GOOG,281.35,281.39,442,347,281.38,161
1001165768,AAPL,150.60,150.65,232,293,150.61,180
1001166885,GOOG,281.64,281.67,125,443,281.65,126
1001167495,AAPL,150.70,150.73,118,65,150.72,35
1001168750,GOOG,281.67,281.71,141,245,281.69,164
1001169945,AAPL,150.65,150.69,439,89,150.68,179
1001171214,GOOG,281.56,281.59,200,388,281.57,137
1001172216,AAPL,150.53,150.57,326,329,150.55,14
1001173691,GOOG,281.58,281.63,110,246,281.57,125
1001174513,AAPL,150.60,150.62,140,335,150.60,178
1001175894,GOOG,281.63,281.65,270,118,281.62,89
1001177126,AAPL,150.46,150.50,301,387,150.49,151
1001178327,GOOG,281.51,281.55,130,309,281.53,24
1001179227,AAPL,150.46,150.49,396,230,150.48,82
1001180055,GOOG,281.64,281.67,237,228,281.66,199
1001181152,AAPL,150.66,150.69,99,269,150.68,98
1001182017,GOOG,281.61,281.64,170,381,281.63,89
1001183123,AAPL,150.79,150.83,108,222,150.82,53
1001183643,GOOG,281.58,281.62,266,340,281.60,141
1001185066,AAPL,150.78,150.81,61,212,150.79,106
1001186150,GOOG,281.48,281.52,101,403,281.51,182
1001186860,AAPL,150.71,150.75,223,135,150.74,167
1001187666,GOOG,281.41,281.45,483,453,281.44,29
1001189026,AAPL,150.76,150.79,202,343,150.77,112
1001190349,GOOG,281.44,281.46,482,346,281.47,34
1001191455,AAPL,150.73,150.78,293,268,150.76,63
1001192310,GOOG,281.48,281.51,461,203,281.48,120
1001193489,AAPL,150.67,150.70,369,313,150.69,126
1001194676,GOOG,281.49,281.51,410,314,281.49,57
1001195766,AAPL,150.52,150.56,289,187,150.54,173
1001196811,GOOG,281.55,281.59,339,422,281.55,170
1001197372,AAPL,150.44,150.46,127,432,150.45,185
1001198655,GOOG,281.52,281.55,475,82,281.55,172
1001199363,AAPL,150.48,150.51,132,181,150.49,185
1001200478,GOOG,281.53,281.56,64,175,281.55,89
1001201453,AAPL,150.17,150.20,68,153,150.19,50
1001202232,GOOG,281.57,281.62,387,331,281.60,55
1001203391,AAPL,150.32,150.36,60,78,150.32,31
1001204212,GOOG,281.41,281.46,258,236,281.42,181
1001205385,AAPL,150.39,150.44,481,121,150.41,70
1001205999,GOOG,281.31,281.34,390,474,281.32,158
1001207471,AAPL,150.42,150.45,96,171,150.42,163
1001208096,GOOG,281.32,281.36,427,249,281.33,200
1001208837,AAPL,150.49,150.51,159,190,150.50,122
1001209755,GOOG,281.32,281.35,241,408,281.35,38
1001210579,AAPL,150.38,150.40,192,500,150.39,47
1001211450,GOOG,281.23,281.26,380,360,281.24,18
1001212811,AAPL,150.37,150.39,453,393,150.36,71
1001213570,GOOG,281.14,281.18,235,465,281.16,185
1001214194,AAPL,150.29,150.32,54,251,150.31,75
1001215002,GOOG,281.30,281.33,157,490,281.33,51
1001216439,AAPL,150.20,150.25,379,258,150.23,18
1001217219,GOOG,281.42,281.47,291,427,281.43,115
1001218667,AAPL,150.29,150.34,469,101,150.30,51
1001219882,GOOG,281.42,281.45,423,466,281.44,150
1001221137,AAPL,150.22,150.26,378,378,150.25,57
1001222282,GOOG,281.29,281.31,152,371,281.31,88
1001223103,AAPL,150.18,150.21,415,443,150.20,176
1001224384,GOOG,281.38,281.41,213,281,281.41,132
1001225778,AAPL,150.17,150.21,473,217,150.18,82
1001226481,GOOG,281.46,281.49,243,477,281.48,156
1001227210,AAPL,150.19,150.23,363,370,150.21,68
1001228638,GOOG,281.56,281.59,486,136,281.58,22
1001229548,AAPL,150.10,150.12,238,137,150.10,155
1001230168,GOOG,281.67,281.72,282,473,281.70,182
1001231174,AAPL,150.22,150.24,491,466,150.24,78
1001231968,GOOG,281.68,281.71,155,357,281.68,65
1001233311,AAPL,150.18,150.21,259,455,150.21,47
1001233840,GOOG,281.65,281.69,177,239,281.68,159
1001235040,AAPL,150.15,150.19,496,215,150.17,187
1001235947,GOOG,281.59,281.63,426,355,281.60,75
1001236521,AAPL,150.19,150.22,170,291,150.20,100
1001237641,GOOG,281.84,281.87,433,464,281.84,21
1001238146,AAPL,150.18,150.21,252,393,150.21,104
1001238781,GOOG,281.96,282.00,183,136,281.98,138
1001239785,AAPL,150.37,150.40,212,413,150.37,145
1001240728,GOOG,282.00,282.02,115,305,282.02,81
1001241993,AAPL,150.29,150.34,184,363,150.32,77
1001243022,GOOG,281.92,281.94,301,441,281.95,48
1001244091,AAPL,150.38,150.43,77,146,150.39,48
1001244646,GOOG,281.92,281.95,411,289,281.94,121
1001245264,AAPL,150.62,150.64,232,413,150.63,153
1001246260,GOOG,281.87,281.91,125,113,281.89,99
1001246855,AAPL,150.63,150.68,433,310,150.66,79
1001247931,GOOG,281.97,282.01,52,319,281.98,156
1001248615,AAPL,150.60,150.64,396,98,150.62,94
1001249141,GOOG,281.92,281.94,241,352,281.96,37
1001250498,AAPL,150.59,150.63,412,387,150.61,132
1001251462,GOOG,281.85,281.89,218,72,281.87,177
1001252599,AAPL,150.67,150.72,425,458,150.69,155
1001253231,GOOG,281.86,281.90,215,458,281.88,24
1001254492,AAPL,150.90,150.93,254,180,150.93,55
1001255237,GOOG,282.07,282.09,486,156,282.07,51
1001256134,AAPL,150.91,150.95,384,128,150.92,40
1001256939,GOOG,281.95,281.99,208,400,281.97,164
1001257573,AAPL,150.89,150.92,152,300,150.91,124
1001258979,GOOG,281.89,281.93,96,437,281.92,118
1001260309,AAPL,150.84,150.88,97,70,150.87,141
1001261158,GOOG,282.04,282.08,415,129,282.06,136
1001262197,AAPL,150.76,150.79,273,90,150.77,132
1001263004,GOOG,282.07,282.11,480,177,282.09,143
1001263941,AAPL,150.76,150.78,73,312,150.77,37
1001264963,GOOG,282.03,282.07,341,466,282.05,74
1001265826,AAPL,150.75,150.78,108,429,150.77,179
1001266799,GOOG,282.06,282.09,92,263,282.08,190
1001267603,AAPL,150.68,150.73,280,369,150.72,77
1001268452,GOOG,282.26,282.29,144,90,282.27,164
1001269217,AAPL,150.72,150.75,52,252,150.73,39
1001269730,GOOG,282.31,282.35,494,386,282.34,200
1001270846,AAPL,150.70,150.75,365,234,150.72,186
1001272035,GOOG,282.45,282.50,94,114,282.47,44
1001272549,AAPL,150.77,150.81,146,489,150.81,16
1001273263,GOOG,282.41,282.43,481,370,282.42,147
1001273958,AAPL,150.93,150.95,266,61,150.95,39
1001274628,GOOG,282.54,282.57,298,291,282.54,15
1001276008,AAPL,150.85,150.88,474,476,150.87,110
1001276560,GOOG,282.51,282.55,271,262,282.53,136
1001277814,AAPL,150.70,150.75,68,299,150.72,112
1001278811,GOOG,282.35,282.39,468,494,282.37,134
1001279548,AAPL,150.68,150.71,211,333,150.68,26
1001280322,GOOG,282.43,282.47,303,368,282.44,175
1001281177,AAPL,150.58,150.61,421,148,150.60,130
1001282029,GOOG,282.32,282.36,400,223,282.35,164
1001283402,AAPL,150.66,150.69,200,420,150.66,192
1001284301,GOOG,282.50,282.54,426,234,282.52,130
1001285619,AAPL,150.72,150.75,403,433,150.73,32
1001286802,GOOG,282.45,282.48,301,101,282.46,116
1001288267,AAPL,150.81,150.83,74,59,150.82,101
1001289669,GOOG,282.44,282.47,490,307,282.47,18
1001290995,AAPL,150.90,150.94,111,337,150.92,67
1001291993,GOOG,282.43,282.46,73,444,282.46,152
1001292766,AAPL,151.05,151.10,359,392,151.06,36
1001293989,GOOG,282.66,282.70,480,436,282.69,38
1001295487,AAPL,151.16,151.20,102,471,151.19,153
1001296029,GOOG,282.61,282.63,155,235,282.62,50
1001297274,AAPL,151.13,151.17,425,495,151.16,35
1001297931,GOOG,282.55,282.58,484,153,282.56,122
1001299423,AAPL,150.99,151.02,464,292,151.01,97
1001300216,GOOG,282.51,282.54,436,262,282.52,102
1001301360,AAPL,150.95,151.00,265,453,150.97,68
1001302001,GOOG,282.54,282.57,284,486,282.54,142
1001303314,AAPL,150.86,150.89,444,55,150.85,193
1001304639,GOOG,282.50,282.53,255,445,282.52,52
1001305583,AAPL,151.01,151.05,378,127,151.04,157
1001306142,GOOG,282.77,282.82,498,316,282.79,85
1001307071,AAPL,150.89,150.93,205,419,150.92,200
1001307892,GOOG,282.79,282.82,320,362,282.80,47
1001309109,AAPL,150.77,150.81,369,453,150.80,168
1001310276,GOOG,282.70,282.74,382,257,282.72,60
1001311678,AAPL,150.77,150.80,421,418,150.78,199
1001313078,GOOG,282.92,282.95,97,311,282.96,151
1001313897,AAPL,150.60,150.63,64,457,150.61,148
1001315003,GOOG,282.91,282.94,266,308,282.94,38
1001316252,AAPL,150.69,150.72,231,113,150.71,22
1001317526,GOOG,282.88,282.91,427,52,282.89,126
1001318373,AAPL,150.86,150.91,339,415,150.88,170
1001319554,GOOG,282.75,282.78,195,391,282.76,193
1001320640,AAPL,150.79,150.83,176,103,150.80,93
1001321668,GOOG,282.59,282.62,100,125,282.59,192
1001322603,AAPL,150.82,150.84,116,293,150.83,64
1001323559,GOOG,282.72,282.75,336,315,282.74,111
1001324951,AAPL,150.80,150.84,275,402,150.83,135
1001326200,GOOG,282.91,282.93,115,298,282.92,192
1001327168,AAPL,150.91,150.95,110,405,150.94,64
1001328134,GOOG,282.73,282.78,239,110,282.76,164
1001329506,AAPL,150.87,150.90,70,317,150.89,49
1001330126,GOOG,282.53,282.56,298,64,282.57,46
1001330771,AAPL,150.88,150.93,206,195,150.90,65
1001331458,GOOG,282.58,282.60,228,84,282.58,21
1001332385,AAPL,150.81,150.84,222,450,150.82,106
1001333371,GOOG,282.68,282.70,120,308,282.67,172
1001334342,AAPL,150.82,150.85,422,216,150.82,32
1001335661,GOOG,282.57,282.60,252,223,282.58,148
1001336207,AAPL,151.01,151.06,380,95,151.03,52
1001337431,GOOG,282.71,282.75,208,337,282.73,175
1001338057,AAPL,150.99,151.03,327,345,151.01,23
1001339537,GOOG,282.65,282.69,59,111,282.67,178
1001340995,AAPL,150.74,150.77,155,175,150.75,190
1001342354,GOOG,282.73,282.77,360,214,282.74,112
1001343457,AAPL,150.94,150.96,273,142,150.96,116
1001343981,GOOG,282.79,282.82,108,100,282.80,148
1001344653,AAPL,150.91,150.96,128,207,150.94,114
1001345847,GOOG,282.86,282.89,63,415,282.89,24
1001346652,AAPL,150.85,150.88,215,182,150.87,106
1001348116,GOOG,282.89,282.91,435,355,282.89,160
1001348858,AAPL,150.69,150.72,108,187,150.70,25
1001349683,GOOG,282.78,282.82,258,374,282.80,69
1001351118,AAPL,150.74,150.79,395,101,150.76,73
1001352399,GOOG,282.62,282.65,258,278,282.63,31
1001353765,AAPL,150.69,150.74,241,326,150.71,53
1001355065,GOOG,282.62,282.67,334,281,282.67,20
1001355566,AAPL,150.80,150.83,384,135,150.79,10
1001356127,GOOG,282.73,282.76,479,398,282.74,107
1001356986,AAPL,150.83,150.87,194,73,150.85,51
1001358242,GOOG,282.70,282.72,407,112,282.71,45
1001359484,AAPL,150.76,150.79,362,308,150.77,91
1001360889,GOOG,282.66,282.68,435,412,282.66,125
1001361668,AAPL,150.77,150.80,285,356,150.81,94
1001362184,GOOG,282.69,282.74,361,293,282.71,11
1001363607,AAPL,150.83,150.86,406,410,150.85,135
1001364887,GOOG,282.66,282.71,383,89,282.69,147
1001365418,AAPL,150.97,151.01,113,230,150.98,106
1001366765,GOOG,282.58,282.63,465,406,282.60,12
1001367392,AAPL,150.74,150.78,163,430,150.77,15
1001368668,GOOG,282.55,282.58,96,467,282.58,167
1001369808,AAPL,150.70,150.72,302,235,150.72,19
1001370595,GOOG,282.39,282.42,53,150,282.41,173
1001371500,AAPL,150.75,150.79,137,332,150.78,59
1001372675,GOOG,282.38,282.41,139,83,282.38,160
1001373306,AAPL,150.75,150.79,488,166,150.76,143
1001374552,GOOG,282.39,282.43,404,397,282.40,146
1001375681,AAPL,150.75,150.78,268,378,150.78,182
1001377146,GOOG,282.28,282.31,482,258,282.28,80
1001377770,AAPL,150.70,150.73,438,72,150.71,194
1001378499,GOOG,282.49,282.52,211,52,282.51,110
1001379198,AAPL,150.59,150.64,427,165,150.63,186
1001380131,GOOG,282.71,282.74,218,209,282.72,26
1001381272,AAPL,150.58,150.61,62,353,150.60,170
1001382729,GOOG,282.67,282.70,172,224,282.69,23
1001384070,AAPL,150.48,150.53,447,357,150.52,168
1001385019,GOOG,282.68,282.71,93,81,282.68,18
1001385905,AAPL,150.42,150.44,115,81,150.45,123
1001386461,GOOG,282.64,282.66,396,78,282.66,153
1001387014,AAPL,150.39,150.42,435,260,150.42,69
1001388399,GOOG,282.52,282.54,246,287,282.52,119
1001389800,AAPL,150.35,150.39,395,450,150.37,16
1001390764,GOOG,282.39,282.41,56,354,282.40,192
1001391333,AAPL,150.19,150.24,114,376,150.20,140
1001392095,GOOG,282.31,282.35,145,174,282.34,45
1001393411,AAPL,150.24,150.28,312,383,150.26,101
1001394229,GOOG,282.21,282.23,290,208,282.22,164
1001395080,AAPL,150.18,150.21,386,397,150.22,47
1001395638,GOOG,282.22,282.25,77,266,282.25,98
1001396338,AAPL,150.32,150.35,85,224,150.33,58
1001397521,GOOG,282.07,282.10,404,219,282.09,158
1001398600,AAPL,150.46,150.49,133,103,150.47,126
1001399997,GOOG,282.08,282.11,51,377,282.09,67
1001401206,AAPL,150.48,150.50,426,443,150.50,94
1001402532,GOOG,282.08,282.10,53,235,282.08,12
1001403107,AAPL,150.40,150.42,275,149,150.42,171
1001404206,GOOG,282.14,282.19,151,151,282.16,82
1001404884,AAPL,150.41,150.44,483,333,150.43,72
1001405566,GOOG,282.18,282.20,101,60,282.19,183
1001406206,AAPL,150.28,150.31,157,206,150.31,126
1001406951,GOOG,282.11,282.14,319,459,282.13,169
1001408353,AAPL,150.14,150.16,116,456,150.16,58
1001409049,GOOG,281.96,281.99,269,375,281.97,72
1001410492,AAPL,150.27,150.30,324,200,150.29,48
1001411327,GOOG,281.96,281.99,114,485,281.99,140
1001412818,AAPL,150.16,150.21,451,290,150.18,179
1001413947,GOOG,282.06,282.11,380,434,282.09,140
1001414830,AAPL,150.06,150.09,241,319,150.07,187
1001415824,GOOG,282.05,282.07,255,376,282.05,159
1001416989,AAPL,150.13,150.15,491,170,150.14,111
1001417712,GOOG,281.97,282.01,481,241,282.01,75
1001418775,AAPL,150.27,150.30,315,230,150.29,68
1001419872,GOOG,282.09,282.12,280,289,282.11,120
1001420790,AAPL,150.19,150.22,62,141,150.22,123
1001421529,GOOG,282.08,282.12,200,481,282.10,138
1001422554,AAPL,150.15,150.18,166,100,150.17,40
1001423127,GOOG,282.00,282.03,395,218,282.03,74
1001423936,AAPL,150.14,150.19,147,411,150.15,164
1001424577,GOOG,282.16,282.21,183,54,282.19,86
1001425365,AAPL,150.22,150.26,257,470,150.22,158
1001426640,GOOG,282.10,282.14,439,126,282.11,111
1001427373,AAPL,150.25,150.28,314,350,150.28,151
1001428648,GOOG,281.93,281.96,93,210,281.95,58
1001429587,AAPL,150.27,150.30,280,486,150.27,152
1001430117,GOOG,281.84,281.86,427,54,281.86,137
1001431446,AAPL,150.22,150.25,267,401,150.22,113
1001432727,GOOG,281.86,281.89,61,340,281.86,18
1001434171,AAPL,150.38,150.43,340,372,150.43,164
1001435606,GOOG,281.69,281.74,154,250,281.70,26
1001436653,AAPL,150.31,150.34,281,377,150.33,87
1001437248,GOOG,281.77,281.80,473,402,281.80,164
1001438248,AAPL,150.37,150.41,247,195,150.39,62
1001438986,GOOG,281.74,281.77,238,315,281.77,12
1001439661,AAPL,150.27,150.30,106,116,150.31,147
1001440589,GOOG,281.69,281.74,493,155,281.72,43
1001441980,AAPL,150.30,150.34,293,131,150.33,164
1001443068,GOOG,281.82,281.86,400,284,281.84,80
1001443774,AAPL,150.36,150.38,254,359,150.37,73
1001444812,GOOG,281.76,281.80,286,344,281.79,20
1001446066,AAPL,150.47,150.52,227,408,150.50,192
1001447377,GOOG,281.72,281.76,139,262,281.75,73
1001448060,AAPL,150.61,150.64,387,143,150.61,188
1001449142,GOOG,281.86,281.88,495,130,281.88,80
1001450545,AAPL,150.54,150.59,407,421,150.56,194
1001451968,GOOG,281.87,281.92,333,112,281.90,104
1001452546,AAPL,150.55,150.59,259,280,150.56,52
1001453304,GOOG,281.89,281.91,377,405,281.90,182
1001454571,AAPL,150.47,150.50,149,253,150.48,19
1001455081,GOOG,281.89,281.91,393,433,281.91,128
1001456077,AAPL,150.42,150.46,415,274,150.44,45
1001457059,GOOG,281.97,281.99,59,360,281.96,35
1001457740,AAPL,150.39,150.42,89,393,150.42,12
1001458933,GOOG,281.95,281.98,415,67,281.98,182
1001459978,AAPL,150.42,150.46,465,317,150.46,174
1001461156,GOOG,281.90,281.94,207,277,281.90,23
1001462268,AAPL,150.59,150.63,177,241,150.61,71
1001462972,GOOG,281.98,282.03,222,470,282.01,59
1001464168,AAPL,150.55,150.60,458,477,150.57,180
1001464839,GOOG,281.99,282.02,467,217,282.00,92
1001465914,AAPL,150.46,150.50,252,269,150.47,40
1001466651,GOOG,282.01,282.04,255,384,282.03,90
1001467163,AAPL,150.38,150.41,467,192,150.40,176
1001468301,GOOG,281.99,282.01,204,442,282.00,163
1001469312,AAPL,150.42,150.46,485,341,150.44,53
1001470069,GOOG,282.11,282.15,406,248,282.13,183
1001471515,AAPL,150.58,150.61,375,439,150.59,186
1001472340,GOOG,282.27,282.29,59,361,282.27,159
1001473299,AAPL,150.47,150.50,350,410,150.50,13
1001474037,GOOG,282.43,282.46,171,427,282.45,119
1001475312,AAPL,150.48,150.50,305,201,150.49,61
1001475967,GOOG,282.33,282.36,421,356,282.35,123
1001477223,AAPL,150.51,150.54,452,439,150.52,20
1001478256,GOOG,282.35,282.39,434,62,282.36,68
1001479623,AAPL,150.50,150.53,77,390,150.51,73
1001480943,GOOG,282.29,282.33,245,316,282.29,92
1001481630,AAPL,150.48,150.53,85,148,150.51,23
1001482779,GOOG,282.53,282.56,138,353,282.54,150
1001484130,AAPL,150.51,150.54,268,421,150.52,129
1001484948,GOOG,282.56,282.59,360,177,282.58,87
1001485740,AAPL,150.28,150.31,491,450,150.28,133
1001486321,GOOG,282.65,282.68,291,275,282.66,118
1001487338,AAPL,150.20,150.22,456,296,150.20,15
1001488618,GOOG,282.50,282.54,203,354,282.54,147
1001489274,AAPL,150.14,150.17,206,282,150.15,82
1001490158,GOOG,282.40,282.43,416,290,282.41,60
1001490816,AAPL,150.14,150.18,423,421,150.16,105
1001491819,GOOG,282.32,282.35,430,241,282.34,108
1001492820,AAPL,150.04,150.07,69,113,150.08,108
1001494274,GOOG,282.26,282.29,180,444,282.27,194
1001495130,AAPL,149.92,149.96,406,79,149.94,176
1001496024,GOOG,282.40,282.43,67,466,282.41,102
1001497170,AAPL,149.91,149.95,125,183,149.93,164
1001498136,GOOG,282.46,282.48,346,389,282.47,51
1001498648,AAPL,149.94,149.99,246,253,149.97,190
1001499748,GOOG,282.49,282.53,498,266,282.51,52
1001501097,AAPL,149.81,149.85,322,387,149.83,107
1001502197,GOOG,282.45,282.50,422,495,282.48,32
1001502808,AAPL,149.70,149.73,123,187,149.70,63
1001504260,GOOG,282.46,282.48,136,467,282.46,135
1001504761,AAPL,149.84,149.87,263,385,149.87,83
1001506011,GOOG,282.40,282.43,118,151,282.42,134
1001506697,AAPL,149.79,149.83,158,145,149.81,61
1001507257,GOOG,282.40,282.43,496,259,282.40,122
1001508398,AAPL,149.83,149.87,90,200,149.85,31
1001509284,GOOG,282.43,282.45,170,294,282.44,134
1001510472,AAPL,149.84,149.86,53,390,149.85,159
1001511780,GOOG,282.47,282.50,53,242,282.49,164
1001512812,AAPL,149.99,150.04,292,437,150.02,96
1001513930,GOOG,282.38,282.42,211,468,282.40,71
1001515393,AAPL,149.93,149.97,232,497,149.96,94
1001516718,GOOG,282.47,282.51,421,477,282.50,45
1001517244,AAPL,149.78,149.81,408,434,149.78,73
1001518121,GOOG,282.32,282.37,313,261,282.35,179
1001518813,AAPL,149.91,149.96,214,58,149.93,172
1001519681,GOOG,282.51,282.55,397,277,282.51,69
1001520802,AAPL,149.75,149.79,228,269,149.77,131
1001521976,GOOG,282.64,282.69,200,360,282.65,59
1001523205,AAPL,149.83,149.86,488,416,149.86,139
1001523737,GOOG,282.77,282.80,394,330,282.80,129
1001524409,AAPL,150.03,150.06,326,173,150.03,72
1001525125,GOOG,282.88,282.92,104,272,282.92,193
1001525654,AAPL,150.14,150.19,442,193,150.19,66
1001526890,GOOG,282.87,282.92,113,390,282.91,44
1001528334,AAPL,150.00,150.02,404,220,150.01,67
1001529788,GOOG,282.69,282.71,225,243,282.69,193
1001531048,AAPL,149.98,150.02,337,488,149.99,121
1001532375,GOOG,282.69,282.72,107,95,282.71,97
1001533633,AAPL,149.92,149.97,343,238,149.94,42
1001535006,GOOG,282.65,282.69,209,81,282.68,161
1001536054,AAPL,149.97,150.00,444,236,149.99,183
1001537510,GOOG,282.68,282.72,163,104,282.69,111
1001538019,AAPL,149.86,149.89,201,478,149.87,66
1001539030,GOOG,282.66,282.69,432,390,282.67,189
1001539565,AAPL,149.78,149.83,113,190,149.80,190
1001540652,GOOG,282.47,282.51,410,242,282.49,25
1001541981,AAPL,149.70,149.73,425,464,149.73,67
1001543198,GOOG,282.45,282.49,488,299,282.45,196
1001544099,AAPL,149.63,149.68,131,61,149.67,150
1001545000,GOOG,282.37,282.42,437,250,282.41,110
1001545573,AAPL,149.56,149.60,149,408,149.58,150
1001546476,GOOG,282.44,282.49,493,462,282.47,23
1001547846,AAPL,149.64,149.67,345,120,149.65,123
1001549058,GOOG,282.24,282.27,461,433,282.26,60
1001550310,AAPL,149.58,149.62,102,397,149.59,47
1001551195,GOOG,282.33,282.38,78,99,282.35,101
1001552692,AAPL,149.35,149.37,313,382,149.37,96
1001553799,GOOG,282.28,282.32,175,67,282.30,40
1001554545,AAPL,149.28,149.31,138,384,149.30,200
1001555429,GOOG,282.33,282.37,95,448,282.32,128
1001556814,AAPL,149.32,149.35,277,238,149.33,12
1001557436,GOOG,282.37,282.41,310,165,282.39,15
1001558536,AAPL,149.20,149.23,431,98,149.21,161
1001559221,GOOG,282.04,282.08,202,342,282.09,42
1001559822,AAPL,149.12,149.17,325,144,149.16,113
1001561154,GOOG,282.00,282.05,451,465,282.02,145
1001562154,AAPL,149.30,149.34,469,454,149.33,176
1001562781,GOOG,282.01,282.05,110,142,282.02,163
1001563992,AAPL,149.35,149.40,112,70,149.39,42
1001565080,GOOG,282.02,282.06,485,435,282.05,18
1001565666,AAPL,149.48,149.51,328,137,149.49,118
1001567166,GOOG,282.03,282.06,315,450,282.04,85
1001568340,AAPL,149.42,149.46,210,317,149.44,100
1001569460,GOOG,281.97,281.99,469,72,281.98,70
1001569997,AAPL,149.45,149.49,118,358,149.48,151
1001570718,GOOG,281.89,281.93,266,88,281.91,150
1001571479,AAPL,149.45,149.47,283,92,149.48,75
1001572671,GOOG,281.75,281.79,86,372,281.78,197
1001573446,AAPL,149.60,149.63,240,338,149.62,178
1001574609,GOOG,281.81,281.85,128,211,281.82,121
1001575497,AAPL,149.74,149.76,113,322,149.75,38
1001576697,GOOG,281.78,281.82,235,220,281.79,79
1001577346,AAPL,149.79,149.81,243,163,149.79,106
1001578820,GOOG,281.96,281.99,422,498,281.99,88
1001579922,AAPL,149.83,149.87,408,342,149.84,82
1001580986,GOOG,281.96,281.98,212,434,281.97,109
1001581671,AAPL,149.73,149.78,322,332,149.77,162
1001583074,GOOG,282.02,282.05,54,401,282.03,141
1001584304,AAPL,149.77,149.80,426,186,149.79,23
1001585744,GOOG,281.97,282.02,177,397,281.97,165
1001586672,AAPL,149.74,149.79,458,289,149.76,138
1001587465,GOOG,281.95,282.00,466,167,281.99,88
1001588615,AAPL,149.91,149.94,210,482,149.90,33
1001589764,GOOG,282.10,282.14,134,344,282.13,24
1001590350,AAPL,149.90,149.93,497,55,149.90,118
1001591543,GOOG,281.94,281.98,313,400,281.96,183
1001592952,AAPL,149.86,149.88,147,475,149.86,200
1001593459,GOOG,281.90,281.94,175,428,281.91,179
1001594932,AAPL,150.17,150.22,400,361,150.18,20
1001596053,GOOG,281.84,281.89,441,318,281.87,67
1001596732,AAPL,150.35,150.38,76,266,150.38,136
1001597620,GOOG,281.98,282.01,397,177,282.02,148
1001598991,AAPL,150.36,150.39,200,185,150.37,64
1001599493,GOOG,281.97,282.00,206,379,281.97,141
1001600838,AAPL,150.53,150.58,484,299,150.54,24
1001601702,GOOG,282.08,282.11,104,52,282.09,99
1001603113,AAPL,150.53,150.55,270,301,150.53,60
1001603699,GOOG,281.87,281.90,299,53,281.88,49
1001604986,AAPL,150.48,150.51,203,236,150.49,119
1001606399,GOOG,281.95,281.97,274,386,281.98,122
1001607064,AAPL,150.59,150.61,495,413,150.62,60
1001607677,GOOG,281.95,281.99,430,219,281.97,18
1001608341,AAPL,150.46,150.51,186,110,150.46,117
1001609341,GOOG,281.78,281.82,216,434,281.79,112
1001610354,AAPL,150.43,150.48,117,106,150.44,37
1001611665,GOOG,281.84,281.87,442,400,281.86,70
1001612218,AAPL,150.39,150.44,427,54,150.41,121
1001613209,GOOG,281.81,281.85,176,366,281.84,49
1001614455,AAPL,150.32,150.36,492,184,150.34,189
1001615208,GOOG,281.76,281.79,450,464,281.77,36
1001616425,AAPL,150.31,150.34,487,352,150.31,171
1001617574,GOOG,281.79,281.82,190,148,281.81,47
1001618510,AAPL,150.37,150.41,244,258,150.39,144
1001619323,GOOG,281.71,281.73,268,295,281.69,25
1001620345,AAPL,150.35,150.37,236,193,150.36,99
1001621573,GOOG,281.63,281.65,70,50,281.65,23
1001622749,AAPL,150.34,150.38,360,101,150.35,120
1001623438,GOOG,281.63,281.66,107,99,281.65,181
1001623951,AAPL,150.28,150.30,234,429,150.27,102
1001625211,GOOG,281.65,281.68,382,191,281.65,63
1001626309,AAPL,150.12,150.15,430,358,150.15,40
1001626851,GOOG,281.45,281.49,147,148,281.46,190
1001627807,AAPL,150.15,150.19,225,204,150.17,195
1001628792,GOOG,281.52,281.56,72,115,281.54,59
1001629720,AAPL,150.07,150.12,486,483,150.09,153
1001631218,GOOG,281.47,281.51,110,273,281.49,27
1001632212,AAPL,149.88,149.91,61,135,149.91,163
1001632992,GOOG,281.46,281.48,339,81,281.46,187
1001633686,AAPL,149.87,149.91,495,312,149.88,29
1001634355,GOOG,281.34,281.38,249,255,281.36,165
1001635133,AAPL,149.87,149.91,353,406,149.89,12
1001636533,GOOG,281.45,281.48,418,318,281.46,76
1001637343,AAPL,149.93,149.95,110,137,149.93,67
1001637889,GOOG,281.37,281.41,192,118,281.38,79
1001639283,AAPL,149.96,149.99,471,157,149.96,146
1001639901,GOOG,281.46,281.50,238,216,281.48,31
1001641370,AAPL,149.92,149.96,259,363,149.93,85
1001642202,GOOG,281.61,281.63,232,162,281.62,197
1001643690,AAPL,149.92,149.94,386,494,149.94,159
1001644298,GOOG,281.57,281.62,181,495,281.58,170
1001645447,AAPL,149.86,149.89,216,187,149.87,62
1001646542,GOOG,281.44,281.47,278,168,281.44,196
1001647785,AAPL,149.81,149.84,303,142,149.82,127
1001648474,GOOG,281.46,281.50,423,142,281.48,175
1001649262,AAPL,149.87,149.89,251,401,149.88,165
1001649954,GOOG,281.50,281.53,380,256,281.52,35
1001651195,AAPL,149.70,149.74,358,101,149.72,106
1001652088,GOOG,281.68,281.72,379,72,281.70,43
1001652842,AAPL,149.71,149.76,357,56,149.72,12
1001654322,GOOG,281.71,281.76,486,412,281.72,31
1001655029,AAPL,149.82,149.86,467,133,149.85,88
1001655868,GOOG,281.64,281.68,186,371,281.66,149
1001656494,AAPL,149.85,149.89,102,311,149.87,116
1001657139,GOOG,281.72,281.74,247,125,281.73,100
1001658310,AAPL,149.80,149.84,401,416,149.84,38
1001659313,GOOG,281.74,281.77,194,232,281.76,29
1001660443,AAPL,149.75,149.80,93,72,149.78,164
1001661097,GOOG,281.79,281.83,397,267,281.82,48
1001662511,AAPL,149.71,149.75,228,498,149.72,36
1001663288,GOOG,281.91,281.96,465,414,281.93,29
1001664595,AAPL,149.95,149.97,385,125,149.96,91
1001665246,GOOG,281.79,281.83,294,467,281.82,27
1001665861,AAPL,149.72,149.75,96,215,149.73,42
1001666547,GOOG,281.80,281.84,296,405,281.81,115
1001667663,AAPL,149.74,149.78,384,175,149.75,108
1001668591,GOOG,281.69,281.72,324,470,281.70,68
1001669484,AAPL,149.88,149.92,447,405,149.91,66
1001670703,GOOG,281.77,281.80,485,58,281.79,102
1001671774,AAPL,149.84,149.86,228,234,149.85,45
1001672575,GOOG,281.58,281.62,265,174,281.61,63
1001673922,AAPL,149.86,149.88,406,410,149.89,46
1001674808,GOOG,281.57,281.60,77,409,281.57,37
1001675986,AAPL,149.76,149.79,130,65,149.77,47
1001676860,GOOG,281.62,281.64,475,466,281.64,116
1001677513,AAPL,149.77,149.80,320,407,149.77,86
1001678494,GOOG,281.53,281.58,405,56,281.56,83
1001679107,AAPL,149.89,149.91,434,138,149.92,138
1001679771,GOOG,281.72,281.76,498,282,281.74,151
1001680999,AAPL,149.99,150.02,413,166,149.99,118
1001682452,GOOG,281.87,281.91,114,430,281.91,64
1001683362,AAPL,149.94,149.97,431,336,149.95,164
1001684723,GOOG,282.01,282.04,384,378,282.03,113
1001686070,AAPL,149.92,149.95,267,149,149.93,79
1001686681,GOOG,282.08,282.12,221,64,282.11,71
1001687469,AAPL,149.94,149.97,55,437,149.96,89
1001688161,GOOG,281.96,281.98,187,93,281.96,155
1001689239,AAPL,150.22,150.26,74,211,150.25,33
1001690705,GOOG,281.85,281.89,253,306,281.89,59
1001691527,AAPL,150.22,150.26,409,395,150.22,34
1001692366,GOOG,281.72,281.74,463,446,281.74,48
1001692890,AAPL,150.14,150.17,486,69,150.15,84
1001693555,GOOG,281.77,281.82,97,417,281.80,69
1001694960,AAPL,150.18,150.20,417,132,150.20,138
1001695988,GOOG,281.91,281.95,443,224,281.93,124
1001697292,AAPL,150.23,150.26,270,70,150.25,192
1001698584,GOOG,281.88,281.93,360,88,281.89,49
1001699664,AAPL,150.14,150.19,123,442,150.15,89
1001700724,GOOG,282.00,282.04,305,98,282.01,126
1001701545,AAPL,150.19,150.21,345,236,150.21,100
1001702136,GOOG,282.15,282.18,292,181,282.17,123
1001703301,AAPL,150.39,150.44,299,70,150.40,103
1001704680,GOOG,282.12,282.16,398,116,282.15,122
1001705555,AAPL,150.26,150.29,92,399,150.27,115
1001706573,GOOG,281.92,281.97,71,367,281.95,174
1001707131,AAPL,150.25,150.29,54,129,150.26,36
1001707928,GOOG,281.83,281.88,164,248,281.86,128
1001709113,AAPL,150.34,150.38,468,288,150.37,37
1001709700,GOOG,281.85,281.90,253,443,281.88,120
1001710404,AAPL,150.32,150.35,359,298,150.34,64
1001711623,GOOG,281.85,281.89,329,129,281.86,130
1001712272,AAPL,150.27,150.29,357,446,150.27,107
1001712835,GOOG,281.94,281.97,292,159,281.95,23
1001713551,AAPL,150.42,150.47,188,179,150.43,172
1001714231,GOOG,281.97,282.01,202,497,281.99,192
1001715193,AAPL,150.51,150.55,182,144,150.52,23
1001715787,GOOG,282.05,282.10,202,134,282.07,60
1001716644,AAPL,150.62,150.65,451,132,150.63,188
1001717591,GOOG,281.96,282.00,55,337,281.99,162
1001718294,AAPL,150.75,150.79,215,390,150.77,197
1001719554,GOOG,282.04,282.06,284,125,282.04,137
1001720939,AAPL,150.68,150.72,184,316,150.71,194
1001721442,GOOG,282.27,282.32,374,280,282.29,173
1001722934,AAPL,150.65,150.69,146,265,150.67,188
1001723993,GOOG,282.30,282.33,157,147,282.30,183
1001725083,AAPL,150.75,150.78,204,207,150.76,138
1001726421,GOOG,282.40,282.44,283,261,282.41,115
1001727281,AAPL,150.67,150.71,441,221,150.70,39
1001728729,GOOG,282.45,282.48,354,133,282.47,148
1001729675,AAPL,150.53,150.57,273,374,150.56,82
1001730893,GOOG,282.28,282.32,94,462,282.28,36
1001731484,AAPL,150.45,150.48,304,433,150.45,169
1001732933,GOOG,282.15,282.18,462,66,282.16,180
1001733729,AAPL,150.48,150.53,332,245,150.50,39
1001734429,GOOG,282.30,282.33,456,287,282.30,115
1001735858,AAPL,150.55,150.59,53,241,150.56,67
1001736877,GOOG,282.26,282.29,479,457,282.29,116
1001738066,AAPL,150.57,150.60,57,63,150.61,49
1001739375,GOOG,282.12,282.16,357,212,282.16,95
1001740049,AAPL,150.87,150.90,250,148,150.88,167
1001741208,GOOG,282.09,282.14,269,115,282.12,172
1001742107,AAPL,150.93,150.97,314,131,150.95,121
1001742843,GOOG,282.25,282.28,373,345,282.27,110
1001744206,AAPL,150.94,150.99,131,215,150.94,62
1001744801,GOOG,282.33,282.37,353,128,282.36,17
1001745933,AAPL,150.90,150.92,245,62,150.89,200
1001747184,GOOG,282.41,282.45,233,145,282.44,71
1001748352,AAPL,150.96,150.99,175,421,150.97,106
1001749640,GOOG,282.41,282.44,123,371,282.43,15
1001750793,AAPL,151.16,151.19,355,112,151.17,37
1001751438,GOOG,282.37,282.39,303,482,282.40,102
1001752872,AAPL,151.21,151.24,61,261,151.22,28
1001753870,GOOG,282.40,282.44,242,210,282.42,172
1001755300,AAPL,151.16,151.19,141,387,151.17,155
1001756446,GOOG,282.38,282.43,227,297,282.40,167
1001757560,AAPL,151.09,151.14,112,148,151.11,165
1001758090,GOOG,282.26,282.30,160,493,282.28,103
1001758707,AAPL,151.12,151.15,92,422,151.13,187
1001760169,GOOG,282.33,282.35,97,228,282.34,191
1001761233,AAPL,151.05,151.09,273,312,151.06,112
1001762677,GOOG,282.34,282.38,417,193,282.37,110
1001763282,AAPL,150.91,150.94,456,155,150.91,194
1001764281,GOOG,282.24,282.28,189,467,282.27,91
1001765418,AAPL,150.99,151.01,230,241,151.00,171
1001766757,GOOG,282.31,282.33,311,179,282.32,160
1001767676,AAPL,150.93,150.97,321,230,150.97,111
1001768206,GOOG,282.44,282.47,145,233,282.47,72
1001768780,AAPL,150.96,150.98,210,112,150.98,12
1001769606,GOOG,282.38,282.41,340,457,282.38,92
1001771026,AAPL,150.96,150.99,158,319,150.98,65
1001771631,GOOG,282.22,282.27,463,490,282.24,181
1001772207,AAPL,150.82,150.86,272,212,150.84,91
1001772909,GOOG,282.29,282.32,190,265,282.32,40
1001773536,AAPL,150.70,150.73,171,345,150.72,15
1001774327,GOOG,282.46,282.50,52,286,282.48,82
1001774961,AAPL,150.75,150.79,320,70,150.76,96
1001776121,GOOG,282.57,282.61,262,420,282.59,87
1001776902,AAPL,150.72,150.74,446,210,150.74,136
1001778029,GOOG,282.65,282.70,302,484,282.67,174
1001779519,AAPL,150.87,150.92,102,64,150.88,67
1001780067,GOOG,282.67,282.72,491,402,282.69,195
1001781013,AAPL,150.88,150.92,465,238,150.91,147
1001781518,GOOG,282.87,282.89,451,72,282.87,38
1001782067,AAPL,150.92,150.95,363,455,150.94,107
1001782843,GOOG,282.79,282.83,111,114,282.79,91
1001784225,AAPL,150.99,151.04,261,376,151.03,124
1001785409,GOOG,282.88,282.92,388,300,282.91,81
1001786238,AAPL,151.02,151.05,442,201,151.02,192
1001786822,GOOG,282.77,282.80,381,426,282.80,62
1001788033,AAPL,151.26,151.28,56,393,151.28,65
1001789012,GOOG,282.80,282.82,156,466,282.80,161
1001790291,AAPL,151.05,151.10,209,412,151.07,126
1001791462,GOOG,282.85,282.90,162,236,282.89,108
1001792960,AAPL,150.93,150.95,254,146,150.95,27
1001793744,GOOG,282.72,282.77,345,381,282.75,36
1001794394,AAPL,150.88,150.91,58,285,150.90,57
1001795167,GOOG,282.87,282.90,185,110,282.89,150
1001795753,AAPL,150.84,150.87,270,310,150.86,95
1001796307,GOOG,282.79,282.81,245,424,282.80,118
1001797005,AAPL,150.81,150.84,321,361,150.84,136
1001798036,GOOG,282.64,282.68,106,162,282.66,39
1001798590,AAPL,150.92,150.94,322,101,150.92,80
1001799321,GOOG,282.76,282.79,251,101,282.76,66
1001800572,AAPL,150.98,151.02,137,452,150.98,62
1001801427,GOOG,282.66,282.69,51,98,282.66,57
1001802442,AAPL,151.09,151.14,486,402,151.11,71
1001803116,GOOG,282.64,282.67,283,122,282.66,13
1001804298,AAPL,151.01,151.04,185,89,151.03,53
1001805493,GOOG,282.64,282.67,292,348,282.66,10
1001806493,AAPL,151.09,151.12,58,340,151.10,184
1001807290,GOOG,282.71,282.73,125,446,282.71,34
1001807892,AAPL,151.03,151.07,426,229,151.07,149
1001808655,GOOG,282.66,282.70,473,230,282.67,87
1001809882,AAPL,150.97,151.01,492,481,151.00,162
1001810877,GOOG,282.77,282.82,60,125,282.81,115
1001812253,AAPL,151.03,151.06,65,175,151.08,157
1001813511,GOOG,282.75,282.77,95,149,282.75,106
1001814665,AAPL,151.09,151.13,328,280,151.12,144
1001815344,GOOG,282.72,282.77,250,351,282.76,116
1001816811,AAPL,151.19,151.21,316,409,151.20,97
1001818165,GOOG,282.65,282.68,455,455,282.66,98
1001818960,AAPL,151.18,151.23,125,288,151.21,184
1001819613,GOOG,282.56,282.60,133,205,282.58,134
1001820408,AAPL,151.27,151.30,161,194,151.29,161
1001821034,GOOG,282.65,282.68,388,477,282.67,10
1001821585,AAPL,151.27,151.30,489,307,151.29,180
1001823066,GOOG,282.66,282.68,188,123,282.66,197
1001823767,AAPL,151.06,151.09,66,292,151.09,100
1001824521,GOOG,282.71,282.74,100,183,282.71,87
1001825632,AAPL,151.01,151.05,215,461,151.04,158
1001826274,GOOG,282.68,282.71,333,152,282.69,87
1001827086,AAPL,151.12,151.16,329,143,151.15,106
1001828387,GOOG,282.76,282.78,276,405,282.77,90
1001829402,AAPL,151.27,151.30,268,288,151.28,117
1001830886,GOOG,282.73,282.77,442,265,282.75,32
1001832159,AAPL,151.40,151.45,347,312,151.44,105
1001832789,GOOG,282.57,282.62,77,436,282.58,110
1001833417,AAPL,151.39,151.44,497,315,151.42,127
1001834776,GOOG,282.61,282.65,382,104,282.63,95
1001835884,AAPL,151.47,151.50,219,492,151.49,25
1001836508,GOOG,282.60,282.64,77,409,282.60,62
1001837536,AAPL,151.57,151.60,164,395,151.60,173
1001838908,GOOG,282.68,282.72,53,462,282.71,134
1001840046,AAPL,151.56,151.58,359,500,151.56,40
1001841078,GOOG,282.74,282.77,476,308,282.76,123
1001841978,AAPL,151.60,151.63,144,469,151.62,70
1001843339,GOOG,282.78,282.82,274,489,282.79,178
1001844470,AAPL,151.64,151.67,122,469,151.66,200
1001845643,GOOG,282.79,282.83,152,293,282.82,132
1001846439,AAPL,151.62,151.66,238,391,151.65,80
1001847339,GOOG,282.65,282.69,466,267,282.68,47
1001847867,AAPL,151.62,151.65,347,205,151.64,18
1001849027,GOOG,282.57,282.60,231,121,282.57,129
1001850430,AAPL,151.59,151.64,233,306,151.61,138
1001851145,GOOG,282.48,282.51,82,139,282.51,177
1001851800,AAPL,151.51,151.54,416,489,151.54,45
1001852585,GOOG,282.50,282.55,84,479,282.51,175
1001853580,AAPL,151.42,151.46,344,412,151.45,139
1001854874,GOOG,282.46,282.50,351,347,282.48,99
1001855972,AAPL,151.36,151.38,486,425,151.36,50
1001856709,GOOG,282.50,282.55,293,215,282.53,69
1001857999,AAPL,151.41,151.44,500,139,151.41,196
1001859412,GOOG,282.30,282.35,81,363,282.34,74
1001860029,AAPL,151.57,151.61,241,360,151.59,171
1001861389,GOOG,282.37,282.39,280,243,282.38,44
1001862541,AAPL,151.52,151.54,274,397,151.53,83
1001863271,GOOG,282.38,282.42,464,454,282.41,59
1001863859,AAPL,151.39,151.43,154,67,151.40,45
1001865273,GOOG,282.56,282.59,492,86,282.57,97
1001865962,AAPL,151.28,151.32,320,304,151.28,58
1001867314,GOOG,282.61,282.64,232,366,282.64,153
1001868687,AAPL,151.31,151.34,242,497,151.33,28
1001869769,GOOG,282.76,282.79,110,305,282.79,69
1001870321,AAPL,151.24,151.27,198,474,151.25,74
1001871220,GOOG,282.74,282.79,197,88,282.76,146
1001872309,AAPL,151.24,151.28,209,254,151.27,168
1001872867,GOOG,282.55,282.58,184,384,282.56,17
1001873400,AAPL,151.21,151.24,441,80,151.23,45
1001874109,GOOG,282.38,282.43,389,499,282.40,25
1001874850,AAPL,151.02,151.06,362,409,151.04,19
1001875704,GOOG,282.63,282.67,363,91,282.65,151
1001876694,AAPL,151.10,151.13,68,304,151.11,139
1001877424,GOOG,282.57,282.60,485,498,282.58,68
1001877945,AAPL,151.11,151.16,150,323,151.13,165
1001879325,GOOG,282.47,282.49,296,76,282.49,109
1001880609,AAPL,151.08,151.12,331,120,151.10,39
1001881557,GOOG,282.56,282.60,230,149,282.59,97
1001882504,AAPL,151.15,151.17,55,166,151.16,115
1001883769,GOOG,282.57,282.60,73,460,282.57,13
1001885163,AAPL,151.12,151.14,114,274,151.11,56
1001885952,GOOG,282.65,282.69,175,199,282.68,43
1001887072,AAPL,150.99,151.03,89,178,151.02,149
1001887782,GOOG,282.49,282.53,489,162,282.51,123
1001889012,AAPL,150.96,151.00,494,384,150.99,72
1001890051,GOOG,282.56,282.60,103,77,282.57,98
1001891473,AAPL,150.75,150.79,90,154,150.79,45
1001892834,GOOG,282.63,282.67,157,112,282.65,105
1001894076,AAPL,150.77,150.82,407,275,150.79,176
1001895358,GOOG,282.59,282.62,67,188,282.60,81
1001896460,AAPL,150.64,150.67,192,487,150.67,166
1001897353,GOOG,282.39,282.42,72,164,282.40,62
1001898241,AAPL,150.69,150.71,206,66,150.71,148
1001899522,GOOG,282.37,282.41,222,474,282.39,77
1001900851,AAPL,150.69,150.71,421,474,150.69,169
1001901795,GOOG,282.48,282.53,435,79,282.49,37
1001902861,AAPL,150.56,150.60,489,323,150.59,128
1001903795,GOOG,282.37,282.41,133,245,282.38,129
1001905058,AAPL,150.63,150.67,193,459,150.65,184
1001906531,GOOG,282.31,282.36,201,222,282.37,156
1001907435,AAPL,150.71,150.74,178,450,150.73,177
1001908764,GOOG,282.32,282.35,388,214,282.33,77
1001910131,AAPL,150.76,150.79,288,68,150.79,101
1001911122,GOOG,282.24,282.27,346,90,282.24,80
1001912540,AAPL,150.70,150.72,142,182,150.70,80
1001913305,GOOG,282.27,282.31,125,496,282.29,168
1001914476,AAPL,150.75,150.77,400,309,150.76,122
1001915569,GOOG,282.22,282.25,415,182,282.25,75
1001916085,AAPL,150.66,150.69,417,72,150.65,163
1001916825,GOOG,282.20,282.23,311,89,282.22,70
1001917533,AAPL,150.60,150.65,262,86,150.64,174
1001918469,GOOG,282.24,282.27,453,234,282.25,95
1001919967,AAPL,150.49,150.52,200,368,150.51,17
1001920631,GOOG,282.18,282.21,352,63,282.20,37
1001921754,AAPL,150.50,150.55,429,310,150.53,158
1001922983,GOOG,282.14,282.18,66,386,282.16,195
1001923636,AAPL,150.26,150.28,89,164,150.29,154
1001924651,GOOG,282.28,282.32,325,425,282.30,41
1001926018,AAPL,150.38,150.42,387,318,150.39,143
1001926969,GOOG,282.25,282.29,174,218,282.28,72
1001928287,AAPL,150.39,150.43,433,109,150.40,187
1001929033,GOOG,282.02,282.05,90,230,282.04,153
1001930050,AAPL,150.48,150.51,167,279,150.50,117
1001930785,GOOG,281.85,281.88,325,175,281.86,114
1001931975,AAPL,150.43,150.46,196,224,150.44,90
1001932595,GOOG,281.93,281.98,344,303,281.96,171
1001933997,AAPL,150.45,150.50,57,135,150.45,40
1001934925,GOOG,281.92,281.97,430,101,281.96,42
1001936315,AAPL,150.56,150.60,87,117,150.58,141
1001937702,GOOG,281.83,281.87,115,255,281.85,188
1001938772,AAPL,150.57,150.60,472,222,150.59,161
1001939895,GOOG,281.60,281.62,428,231,281.59,124
1001941327,AAPL,150.47,150.51,198,437,150.50,132
1001942543,GOOG,281.63,281.67,469,310,281.66,31
1001943198,AAPL,150.58,150.61,382,282,150.59,107
1001944026,GOOG,281.52,281.56,445,99,281.55,69
1001944830,AAPL,150.55,150.59,318,346,150.57,140
1001946194,GOOG,281.60,281.63,437,141,281.61,46
1001946736,AAPL,150.61,150.66,157,270,150.62,142
1001947520,GOOG,281.48,281.50,195,134,281.49,40
1001948314,AAPL,150.59,150.64,197,182,150.63,165
1001949585,GOOG,281.54,281.56,99,155,281.55,151
1001950943,AAPL,150.54,150.57,70,326,150.55,147
1001952261,GOOG,281.57,281.61,239,154,281.60,82
1001953725,AAPL,150.64,150.67,114,475,150.65,126
1001954527,GOOG,281.70,281.75,111,277,281.72,120
1001955532,AAPL,150.61,150.66,424,392,150.66,39
1001957023,GOOG,281.68,281.72,422,88,281.71,93
1001957683,AAPL,150.54,150.58,312,394,150.56,28
1001958906,GOOG,281.61,281.63,101,411,281.60,143
1001959731,AAPL,150.58,150.63,370,68,150.62,172
1001960873,GOOG,281.66,281.69,162,394,281.68,60
1001961644,AAPL,150.48,150.50,304,194,150.49,43
1001962347,GOOG,281.63,281.67,420,433,281.65,64
1001962850,AAPL,150.37,150.40,413,141,150.39,19
1001963778,GOOG,281.58,281.62,170,376,281.58,99
1001964773,AAPL,150.12,150.16,480,168,150.14,84
1001965957,GOOG,281.40,281.43,232,328,281.42,133
1001966759,AAPL,150.16,150.20,436,441,150.18,83
1001967688,GOOG,281.49,281.53,109,140,281.50,128
1001969167,AAPL,150.14,150.18,410,115,150.16,133
1001970527,GOOG,281.53,281.56,170,64,281.53,84
1001971301,AAPL,149.93,149.97,81,337,149.95,92
1001972068,GOOG,281.48,281.52,267,254,281.49,76
1001973502,AAPL,150.05,150.07,375,469,150.06,21
1001974317,GOOG,281.41,281.45,324,155,281.43,170
1001974929,AAPL,150.17,150.20,359,326,150.19,15
1001976402,GOOG,281.39,281.41,410,220,281.38,100
1001977687,AAPL,150.18,150.20,157,235,150.19,147
1001978390,GOOG,281.57,281.61,417,167,281.59,84
1001979710,AAPL,150.23,150.26,333,425,150.25,73
1001981172,GOOG,281.76,281.80,319,102,281.78,138
1001982079,AAPL,150.24,150.27,62,167,150.25,171
1001983369,GOOG,281.75,281.79,466,451,281.77,106
1001984540,AAPL,150.08,150.13,491,93,150.11,29
1001985115,GOOG,281.60,281.64,60,57,281.62,200
1001986465,AAPL,149.87,149.90,351,455,149.88,110
1001987163,GOOG,281.69,281.73,267,312,281.70,200
1001987686,AAPL,149.84,149.86,385,345,149.86,130
1001988571,GOOG,281.68,281.73,337,192,281.71,133
1001989362,AAPL,149.94,149.97,58,304,149.95,196
1001990265,GOOG,281.84,281.88,281,164,281.86,157
1001991763,AAPL,150.11,150.14,294,338,150.13,37
1001992921,GOOG,281.82,281.86,92,98,281.85,153
